{"Avg": [139.80125838235296, 35.692650882352936], "Std": [0.05401491010415265, 0.006688613620372337], "InvR": [[1.0754984509062744, -0.28495344706727366], [-0.28495344706727366, 1.0754984509062744]], "name": "10\u53f7\u7dda\u65b0\u5bbf\u7dda"}