{"Avg": [139.7724120408163, 35.68667632653062], "Std": [0.03610757758560537, 0.01255252892543917], "InvR": [[2.0237943872476536, -1.4394267381869255], [-1.4394267381869255, 2.0237943872476536]], "name": "11\u53f7\u7dda\u534a\u8535\u9580\u7dda"}