{"Avg": [139.74231538461544, 35.69262102564102], "Std": [0.04745766142859249, 0.0249779472097152], "InvR": [[1.464964019433836, 0.8253214881498632], [0.8253214881498632, 1.464964019433836]], "name": "12\u53f7\u7dda\u5927\u6c5f\u6238\u7dda"}