{"Avg": [139.70658612, 35.69055824], "Std": [0.0031948048118129757, 0.021691838170666725], "InvR": [[2.2964747004336425, -1.7254916253920638], [-1.7254916253920636, 2.2964747004336425]], "name": "13\u53f7\u7dda\u526f\u90fd\u5fc3\u7dda"}