{"Avg": [136.91878119999998, 35.16601459999999], "Std": [0.05653281530721841, 0.010402720261546967], "InvR": [[1.274672055343933, -0.5917066784571502], [-0.5917066784571502, 1.274672055343933]], "name": "1\u53f7\u7dda\u6771\u5c71\u7dda"}