{"Avg": [139.76246157142853, 35.66471271428572], "Std": [0.02824539798853406, 0.03372711748817588], "InvR": [[54.22231077275543, -53.71998394233299], [-53.71998394233299, 54.22231077275543]], "name": "1\u53f7\u7dda\u6d45\u8349\u7dda"}