{"Avg": [139.71079793103448, 35.46667], "Std": [0.24222580550158632, 0.08522596498072962], "InvR": [[75.45061540484407, -74.9489476214633], [-74.9489476214633, 75.45061540484407]], "name": "1\u53f7\u7dda"}