{"Avg": [135.5043895652174, 34.663218695652176], "Std": [0.0073723304546603925, 0.054664242489897534], "InvR": [[2.704019672108967, 2.1465560125566996], [2.1465560125566996, 2.704019672108967]], "name": "1\u53f7\u7dda(\u5fa1\u5802\u7b4b\u7dda)"}