{"Avg": [130.3838479310345, 33.588413793103456], "Std": [0.03544484645963071, 0.005087248706861568], "InvR": [[3.8909182642142337, -3.353852512347803], [-3.353852512347803, 3.8909182642142337]], "name": "1\u53f7\u7dda(\u7a7a\u6e2f\u7dda)"}