{"Avg": [141.34394125, 43.05770750000001], "Std": [0.00612968685476818, 0.0009857072334118826], "InvR": [[48.734486416090824, -48.231894839660306], [-48.231894839660306, 48.734486416090824]], "name": "1\u6761\u7dda"}