{"Avg": [135.53547081395354, 34.66844267441861], "Std": [0.02371084376668607, 0.04627484558099734], "InvR": [[1.125780791632816, 0.37629987932046166], [0.37629987932046166, 1.1257807916328164]], "name": "2\u53f7\u7dda(\u8c37\u753a\u7dda)"}