{"Avg": [139.7652143589744, 35.684088461538465], "Std": [0.026924120326545804, 0.027376006014856596], "InvR": [[2.881867193717382, -2.32879611140759], [-2.3287961114075904, 2.881867193717381]], "name": "2\u53f7\u7dda\u65e5\u6bd4\u8c37\u7dda"}