{"Avg": [136.91158259259257, 35.17576888888888], "Std": [0.010003945737334485, 0.01787480480770538], "InvR": [[1.5667998201656728, -0.9423703392539006], [-0.9423703392539006, 1.5667998201656728]], "name": "2\u53f7\u7dda\u540d\u57ce\u7dda"}