{"Avg": [130.41814, 33.61444176470588], "Std": [0.006694142303275722, 0.014068535705105247], "InvR": [[14.456863952257097, -13.947904910122293], [-13.947904910122293, 14.456863952257097]], "name": "2\u53f7\u7dda(\u7bb1\u5d0e\u7dda)"}