{"Avg": [140.13638827586206, 35.62974551724139], "Std": [0.026702996353755042, 0.010013819618564027], "InvR": [[1.0017568524671219, 0.04195162687802562], [0.04195162687802562, 1.0017568524671219]], "name": "2\u53f7\u7dda"}