{"Avg": [136.88848142857142, 35.11626785714285], "Std": [0.006469077939533087, 0.016894179546548434], "InvR": [[10.440407975880442, -9.927825075360037], [-9.927825075360037, 10.440407975880444]], "name": "2\u53f7\u7dda\u540d\u6e2f\u7dda"}