{"Avg": [135.49243434782605, 34.65532521739131], "Std": [0.007799252933055787, 0.028581633334768965], "InvR": [[2.233033939200344, -1.6593392162003107], [-1.6593392162003107, 2.233033939200344]], "name": "3\u53f7\u7dda(\u56db\u3064\u6a4b\u7dda)"}