{"Avg": [130.36958714285714, 33.56667428571429], "Std": [0.025559250667690405, 0.015046208879071835], "InvR": [[4.043321550703218, -3.507866532762878], [-3.507866532762878, 4.043321550703218]], "name": "3\u53f7\u7dda(\u4e03\u9688\u7dda)"}