{"Avg": [139.60454, 35.50240575], "Std": [0.022460040627745887, 0.039471615237249395], "InvR": [[5.098230216249153, 4.570965009888693], [4.570965009888693, 5.098230216249154]], "name": "3\u53f7\u7dda"}