{"Avg": [136.9332893181818, 35.15894204545455], "Std": [0.04383570822336792, 0.028967663050966014], "InvR": [[4.587210336376468, 4.056511843170513], [4.056511843170513, 4.587210336376468]], "name": "3\u53f7\u7dda\u9db4\u821e\u7dda"}