{"Avg": [139.75831401639343, 35.68486083606556], "Std": [0.025449817651760333, 0.0178744630094098], "InvR": [[2.503810771460074, -1.9404271714803978], [-1.940427171480398, 2.503810771460074]], "name": "3\u53f7\u7dda\u9280\u5ea7\u7dda"}