{"Avg": [139.59041142857143, 35.545389904761905], "Std": [0.0333377259152043, 0.013496015640973772], "InvR": [[2.033655273720267, -1.4498615446345169], [-1.4498615446345169, 2.0336552737202673]], "name": "4\u53f7\u7dda"}