{"Avg": [139.72381471428577, 35.69283985714286], "Std": [0.039041796640504035, 0.014946313973959], "InvR": [[1.0789082168938948, 0.29177855230854244], [0.29177855230854244, 1.0789082168938948]], "name": "4\u53f7\u7dda\u4e38\u30ce\u5185\u7dda"}