{"Avg": [136.94609354166667, 35.14626916666666], "Std": [0.022174551901673212, 0.024277269961953132], "InvR": [[1.156374216271605, -0.42523771209308786], [-0.42523771209308786, 1.156374216271605]], "name": "4\u53f7\u7dda\u540d\u57ce\u7dda"}