{"Avg": [139.67126100000002, 35.690962999999996], "Std": [0.008047687183285487, 0.004340974660141959], "InvR": [[24.240086529213077, -23.73482058947411], [-23.73482058947411, 24.240086529213077]], "name": "4\u53f7\u7dda\u4e38\u30ce\u5185\u7dda\u5206\u5c90\u7dda"}