{"Avg": [135.5019927027027, 34.67247810810811], "Std": [0.052741587706251744, 0.012037580083164181], "InvR": [[2.7143283764813093, -2.157139346192163], [-2.157139346192163, 2.7143283764813098]], "name": "4\u53f7\u7dda(\u4e2d\u592e\u7dda)"}