{"Avg": [135.51840902439025, 34.6674836585366], "Std": [0.0283564823582034, 0.011914508424830304], "InvR": [[2.1843618546042363, 1.6084386395650356], [1.6084386395650356, 2.1843618546042363]], "name": "5\u53f7\u7dda(\u5343\u65e5\u524d\u7dda)"}