{"Avg": [139.82278187500003, 35.68400712499999], "Std": [0.0788008519480239, 0.01636863014990502], "InvR": [[1.1876396582181084, 0.4720681090206336], [0.4720681090206337, 1.1876396582181084]], "name": "5\u53f7\u7dda\u6771\u897f\u7dda"}