{"Avg": [136.94242627777774, 35.13283851851851], "Std": [0.035325265493703864, 0.031391061780881954], "InvR": [[4.102353857074659, 3.5674855727221493], [3.5674855727221493, 4.102353857074661]], "name": "6\u53f7\u7dda\u685c\u901a\u7dda"}