{"Avg": [135.50649969696968, 34.67603787878788], "Std": [0.0033444050835251247, 0.02195127907608624], "InvR": [[4.079374394150842, -3.5442800472737344], [-3.5442800472737344, 4.079374394150841]], "name": "6\u53f7\u7dda(\u583a\u7b4b\u7dda)"}