{"Avg": [139.72927861111117, 35.712536805555544], "Std": [0.0336310055481852, 0.0497495675532957], "InvR": [[2.359671976574733, 1.791195092796252], [1.791195092796252, 2.3596719765747327]], "name": "6\u53f7\u7dda\u4e09\u7530\u7dda"}