{"Avg": [135.52616136363633, 34.68518340909091], "Std": [0.031189380884503175, 0.014480045822249956], "InvR": [[6.71877902951242, -6.19864603102189], [-6.19864603102189, 6.71877902951242]], "name": "7\u53f7\u7dda(\u9577\u5800\u9db4\u898b\u7dd1\u5730\u7dda)"}