{"Avg": [139.73975292307694, 35.71045], "Std": [0.009423636685414606, 0.04104694614331564], "InvR": [[1.0272053256905265, -0.1671689427987572], [-0.1671689427987572, 1.0272053256905265]], "name": "7\u53f7\u7dda\u5357\u5317\u7dda"}