{"Avg": [135.5489168, 34.717450400000004], "Std": [0.005913398833161597, 0.026983841161702708], "InvR": [[1.035883492044368, -0.1927981251093127], [-0.1927981251093127, 1.035883492044368]], "name": "8\u53f7\u7dda\uff08\u4eca\u91cc\u7b4b\u7dda\uff09"}