{"Avg": [139.73588739726026, 35.69861246575343], "Std": [0.050758930573364225, 0.03875320076151823], "InvR": [[22.980126206999152, 22.47456505213416], [22.47456505213416, 22.980126206999152]], "name": "8\u53f7\u7dda\u6709\u697d\u753a\u7dda"}