{"Avg": [139.75258492063486, 35.70189380952381], "Std": [0.037559157270032444, 0.03368281769255305], "InvR": [[3.6821280588459695, -3.142600671879076], [-3.142600671879076, 3.6821280588459704]], "name": "9\u53f7\u7dda\u5343\u4ee3\u7530\u7dda"}