{"Avg": [136.7067192307692, 36.62242076923077], "Std": [0.05323762282468725, 0.03708716312471262], "InvR": [[18.01400560909962, -17.506867009135956], [-17.506867009135956, 18.01400560909962]], "name": "IR\u3044\u3057\u304b\u308f\u9244\u9053\u7dda"}