{"Avg": [136.71731963855413, 36.63248307228916], "Std": [0.04735524345837468, 0.03506246672855701], "InvR": [[18.13918673075549, -17.632098812179468], [-17.632098812179468, 18.13918673075549]], "name": "IR\u3044\u3057\u304b\u308f\u9244\u9053_IR\u3044\u3057\u304b\u308f\u9244\u9053\u7dda"}