{"Avg": [135.48866354166663, 34.705716625], "Std": [0.03361056674368521, 0.014335939870980684], "InvR": [[3.3859552085530136, 2.8423119930391643], [2.8423119930391643, 3.385955208553013]], "name": "JR\u6771\u897f\u7dda"}