{"Avg": [135.14843046204615, 35.41620671617163], "Std": [0.031338373214959525, 0.07267225058365152], "InvR": [[14.661987511332361, -14.1531583143528], [-14.1531583143528, 14.661987511332361]], "name": "WILLER_TRAINS_\u5bae\u798f\u7dda"}