{"Avg": [135.09732327662272, 35.565435538752396], "Std": [0.15021010318686548, 0.05914309726319955], "InvR": [[1.865053677696169, 1.270185633280363], [1.2701856332803627, 1.865053677696169]], "name": "WILLER_TRAINS_\u5bae\u6d25\u7dda"}