{"Avg": [137.18511035827584, 36.78142499293105], "Std": [0.2419168374981409, 0.09406251269410898], "InvR": [[5.338512550239855, -4.8126088246219], [-4.8126088246219, 5.338512550239854]], "name": "\u3042\u3044\u306e\u98a8\u3068\u3084\u307e\u9244\u9053\u7dda"}