{"Avg": [137.23128723151186, 36.78852843115498], "Std": [0.24939320224201791, 0.10390010080007561], "InvR": [[4.818817565960261, -4.289776820307429], [-4.289776820307429, 4.818817565960261]], "name": "\u3042\u3044\u306e\u98a8\u3068\u3084\u307e\u9244\u9053_\u3042\u3044\u306e\u98a8\u3068\u3084\u307e\u9244\u9053\u7dda"}