{"Avg": [139.50660399999998, 35.43235000000001], "Std": [0.021548147112918446, 0.020509363471351787], "InvR": [[16.861734345510836, -16.35409278416473], [-16.35409278416473, 16.861734345510836]], "name": "\u3044\u305a\u307f\u91ce\u7dda"}