{"Avg": [140.27588965231803, 35.263773311258305], "Std": [0.05520811043071035, 0.016194968731503494], "InvR": [[1.030088296663879, -0.17604999931841017], [-0.17604999931841017, 1.0300882966638787]], "name": "\u3044\u3059\u307f\u9244\u9053_\u3044\u3059\u307f\u7dda"}