{"Avg": [141.22651673913046, 40.031198913043475], "Std": [0.06880059223248418, 0.21949126712575806], "InvR": [[17.600491737601622, -17.09318044331661], [-17.09318044331661, 17.600491737601622]], "name": "\u3044\u308f\u3066\u9280\u6cb3\u9244\u9053\u7dda"}