{"Avg": [140.2825243333333, 35.264166], "Std": [0.06058505529052248, 0.015414514718278035], "InvR": [[1.0032557979676562, -0.0571524119181521], [-0.057152411918152096, 1.0032557979676562]], "name": "\u3044\u3059\u307f\u7dda"}