{"Avg": [136.35399783251228, 36.08026160098522], "Std": [0.08435869686160873, 0.010901926216045405], "InvR": [[1.294428796253034, 0.6173468330817324], [0.6173468330817324, 1.2944287962530339]], "name": "\u3048\u3061\u305c\u3093\u9244\u9053_\u52dd\u5c71\u6c38\u5e73\u5bfa\u7dda"}