{"Avg": [137.92044460296114, 37.07064499327052], "Std": [0.18102885978459268, 0.06615335410789115], "InvR": [[58.162266879103996, -57.660099042899795], [-57.660099042899795, 58.162266879103996]], "name": "\u3048\u3061\u3054\u30c8\u30ad\u3081\u304d\u9244\u9053_\u65e5\u672c\u6d77\u3072\u3059\u3044\u30e9\u30a4\u30f3"}