{"Avg": [136.2015163895683, 36.145030137482024], "Std": [0.022332492567735524, 0.0592880306957209], "InvR": [[2.205632211391247, 1.6306996168931287], [1.6306996168931287, 2.2056322113912477]], "name": "\u3048\u3061\u305c\u3093\u9244\u9053_\u4e09\u56fd\u82a6\u539f\u7dda"}