{"Avg": [138.23462715131316, 37.011792891252526], "Std": [0.012933392209778297, 0.09142049083876026], "InvR": [[1.5948433534499755, -0.9740030639549284], [-0.9740030639549284, 1.5948433534499757]], "name": "\u3048\u3061\u3054\u30c8\u30ad\u3081\u304d\u9244\u9053_\u5999\u9ad8\u306f\u306d\u3046\u307e\u30e9\u30a4\u30f3"}