{"Avg": [135.57042911285714, 34.65147094428572], "Std": [0.0021701779945095404, 0.01708521730676521], "InvR": [[3.821554431693695, -3.2837058094025453], [-3.2837058094025453, 3.821554431693695]], "name": "\u304a\u304a\u3055\u304b\u6771\u7dda"}