{"Avg": [130.86337521739125, 32.2322705615942], "Std": [0.06366554667389715, 0.024170151475105393], "InvR": [[5.823679673344799, -5.300147664394322], [-5.300147664394322, 5.823679673344799]], "name": "\u304f\u307e\u5ddd\u9244\u9053_\u6e6f\u524d\u7dda"}