{"Avg": [135.6671270588235, 34.6968494117647], "Std": [0.05495833435321024, 0.020603477567859525], "InvR": [[7.240208565362192, -6.721637561233264], [-6.721637561233264, 7.240208565362192]], "name": "\u3051\u3044\u306f\u3093\u306a\u7dda"}