{"Avg": [139.49115285714285, 35.545228571428574], "Std": [0.0030316837108198364, 0.009862424258005964], "InvR": [[6.493647386980494, 5.972755561669848], [5.972755561669848, 6.493647386980493]], "name": "\u3053\u3069\u3082\u306e\u56fd\u7dda"}