{"Avg": [138.35945244113995, 36.38574183395287], "Std": [0.16085433236860106, 0.07859420807607284], "InvR": [[3.7421348665582994, 3.2033480130877137], [3.2033480130877137, 3.7421348665583]], "name": "\u3057\u306a\u306e\u9244\u9053_\u3057\u306a\u306e\u9244\u9053\u7dda"}