{"Avg": [138.350233220339, 36.40221389830507], "Std": [0.17900762918540386, 0.0829966790435666], "InvR": [[3.17615857744781, 2.6290349430251942], [2.6290349430251942, 3.17615857744781]], "name": "\u3057\u306a\u306e\u9244\u9053\u7dda"}