{"Avg": [138.23818454814813, 36.75643527407408], "Std": [0.03003634336222803, 0.05330106674527387], "InvR": [[1.4165043235536656, 0.7681016697629046], [0.7681016697629048, 1.4165043235536658]], "name": "\u3057\u306a\u306e\u9244\u9053_\u5317\u3057\u306a\u306e\u7dda"}