{"Avg": [133.5992323048326, 33.56794955390334], "Std": [0.03080685601594731, 0.007616640983750288], "InvR": [[5.993558783019335, -5.470757543749208], [-5.470757543749209, 5.993558783019335]], "name": "\u3068\u3055\u3067\u3093\u4ea4\u901a_\u5f8c\u514d\u7dda"}