{"Avg": [133.54676571428575, 33.549843095238096], "Std": [0.003595512509236302, 0.005975214874835158], "InvR": [[33.60820180976155, 33.104426094948366], [33.104426094948366, 33.60820180976155]], "name": "\u3068\u3055\u3067\u3093\u4ea4\u901a_\u685f\u6a4b\u7dda"}