{"Avg": [133.48923914979764, 33.55369105263158], "Std": [0.031199690237839414, 0.003118352574454221], "InvR": [[6.062136668548245, -5.539617705185888], [-5.539617705185888, 6.062136668548245]], "name": "\u3068\u3055\u3067\u3093\u4ea4\u901a_\u4f0a\u91ce\u7dda"}