{"Avg": [133.5431868181818, 33.562359090909084], "Std": [0.00030710357097512274, 0.0025118734570969696], "InvR": [[4284.918335323053, -4284.418306147564], [-4284.418306147564, 4284.918335323054]], "name": "\u3068\u3055\u3067\u3093\u4ea4\u901a_\u99c5\u524d\u7dda"}