{"Avg": [136.89152501010102, 37.13353345454544], "Std": [0.02617103640699126, 0.05275928538110339], "InvR": [[1.0011059154912647, 0.033273691414367465], [0.033273691414367465, 1.0011059154912647]], "name": "\u306e\u3068\u9244\u9053_\u4e03\u5c3e\u7dda"}