{"Avg": [140.5824212152756, 36.36792566692913], "Std": [0.032861392919857874, 0.014412766173521897], "InvR": [[1.2622922257691955, 0.5754037169398146], [0.5754037169398146, 1.2622922257691958]], "name": "\u3072\u305f\u3061\u306a\u304b\u6d77\u6d5c\u9244\u9053_\u6e4a\u7dda"}