{"Avg": [138.59099875, 37.14625083333333], "Std": [0.20464462533280375, 0.038489195985872825], "InvR": [[5.39015850725074, 4.864529805236759], [4.864529805236759, 5.39015850725074]], "name": "\u307b\u304f\u307b\u304f\u7dda"}