{"Avg": [139.63516, 35.454206666666664], "Std": [0.009590113833178615, 0.00853414937504311], "InvR": [[24.553554654690554, 24.048357356089536], [24.048357356089536, 24.553554654690554]], "name": "\u307f\u306a\u3068\u307f\u3089\u304421\u7dda"}