{"Avg": [139.77070719594587, 35.638957871621635], "Std": [0.01265797937269029, 0.013724976217072016], "InvR": [[1.1815064779865885, 0.46308863032651154], [0.46308863032651154, 1.1815064779865885]], "name": "\u3086\u308a\u304b\u3082\u3081_\u6771\u4eac\u81e8\u6d77\u65b0\u4ea4\u901a\u81e8\u6d77\u7dda"}