{"Avg": [139.770430625, 35.62572375], "Std": [0.033029355592552656, 0.013052436973128924], "InvR": [[6.586605543860565, -6.066033881091843], [-6.066033881091843, 6.586605543860565]], "name": "\u308a\u3093\u304b\u3044\u7dda"}