{"Avg": [139.33638325581396, 36.49445441860465], "Std": [0.05801052313202249, 0.08578099839199292], "InvR": [[2.6789778741799184, -2.120835820181665], [-2.120835820181665, 2.678977874179918]], "name": "\u308f\u305f\u3089\u305b\u6e13\u8c37\u7dda"}