{"Avg": [139.33524506149485, 36.51720263008503], "Std": [0.059125125630433824, 0.07274757463722907], "InvR": [[3.4858970483538188, -2.943735922831402], [-2.943735922831402, 3.4858970483538188]], "name": "\u308f\u305f\u3089\u305b\u6e13\u8c37\u9435\u9053_\u308f\u305f\u3089\u305b\u6e13\u8c37\u7dda"}