{"Avg": [141.23812891783552, 40.05766536072145], "Std": [0.060560831399766556, 0.18455935905461282], "InvR": [[11.568745151409928, -11.057446324846474], [-11.057446324846474, 11.568745151409928]], "name": "\u30a2\u30a4\u30b8\u30fc\u30a2\u30fc\u30eb\u3044\u308f\u3066\u9280\u6cb3\u9244\u9053_\u3044\u308f\u3066\u9280\u6cb3\u9244\u9053\u7dda"}