{"Avg": [137.90483109999994, 36.21522745000001], "Std": [0.04132986620822683, 0.011763587462908745], "InvR": [[21.845106521620576, -21.339249574887333], [-21.339249574887333, 21.845106521620576]], "name": "\u30a2\u30eb\u30d4\u30b3\u4ea4\u901a_\u4e0a\u9ad8\u5730\u7dda"}