{"Avg": [136.9602984210526, 35.20295315789473], "Std": [0.01326439089924439, 0.010936466307306955], "InvR": [[5.337347273725447, -4.811437274517773], [-4.811437274517773, 5.337347273725447]], "name": "\u30ac\u30a4\u30c9\u30a6\u30a7\u30a4\u30d0\u30b9\u5fd7\u6bb5\u5473\u7dda"}