{"Avg": [139.1576575, 35.79283], "Std": [0.003897604232095479, 0.00320405992453464], "InvR": [[5638.1337658205275, -5637.633743648105], [-5637.633743648105, 5638.133765820529]], "name": "\u30b1\u30fc\u30d6\u30eb\u30ab\u30fc"}