{"Avg": [132.5939638235294, 34.427097058823534], "Std": [0.0027484081111314256, 0.002197772307175624], "InvR": [[2.4298013217226817, 1.863902664122408], [1.863902664122408, 2.4298013217226817]], "name": "\u30b9\u30ab\u30a4\u30ec\u30fc\u30eb\u30b5\u30fc\u30d3\u30b9_\u5e83\u5cf6\u77ed\u8ddd\u96e2\u4ea4\u901a\u702c\u91ce\u7dda"}