{"Avg": [139.88230750000002, 35.63151125], "Std": [0.0052445561061004375, 0.003986393851277525], "InvR": [[1.0399951418001085, 0.20394791778225904], [0.20394791778225907, 1.0399951418001085]], "name": "\u30c7\u30a3\u30ba\u30cb\u30fc\u30ea\u30be\u30fc\u30c8\u30e9\u30a4\u30f3"}