{"Avg": [140.06923581395353, 38.10262348837209], "Std": [0.03962914426908924, 0.04767021486741641], "InvR": [[1.1029779202111898, 0.3370198395676609], [0.3370198395676608, 1.1029779202111898]], "name": "\u30d5\u30e9\u30ef\u30fc\u9577\u4e95\u7dda"}