{"Avg": [135.21188333333336, 34.66921625], "Std": [0.009192476845527046, 0.014739104680096343], "InvR": [[11.162393287339375, 10.650663388442045], [10.650663388442045, 11.162393287339375]], "name": "\u30dd\u30fc\u30c8\u30a2\u30a4\u30e9\u30f3\u30c9\u7dda"}