{"Avg": [140.15334357142856, 35.73099071428572], "Std": [0.003243042238268267, 0.0062682094325084104], "InvR": [[1.87279133916367, 1.2784975795373186], [1.2784975795373186, 1.87279133916367]], "name": "\u30e6\u30fc\u30ab\u30ea\u304c\u4e18\u7dda"}