{"Avg": [132.90933719910024, 35.45580149606299], "Std": [0.07480534687257626, 0.02900574743306922], "InvR": [[3.5322834389438063, -2.990776296230274], [-2.990776296230274, 3.5322834389438063]], "name": "\u4e00\u7551\u96fb\u8eca_\u5317\u677e\u6c5f\u7dda"}