{"Avg": [132.7362320833333, 35.390663611111094], "Std": [0.029324260857289036, 0.0015549725842131136], "InvR": [[1.1105868863009316, -0.35045163107434163], [-0.35045163107434163, 1.1105868863009314]], "name": "\u4e00\u7551\u96fb\u8eca_\u5927\u793e\u7dda"}