{"Avg": [140.34735983333334, 41.25540783333334], "Std": [0.00026543010170128215, 0.0010404796036217819], "InvR": [[32102.738319502823, -32102.238315609018], [-32102.238315609018, 32102.73831950283]], "name": "\u4e00\u822c\u8ca1\u56e3\u6cd5\u4eba\u9752\u51fd\u30c8\u30f3\u30cd\u30eb\u8a18\u5ff5\u9928_\u9752\u51fd\u30c8\u30f3\u30cd\u30eb\u7adc\u98db\u659c\u5751\u7dda"}