{"Avg": [136.82924092307695, 36.92391892307692], "Std": [0.08366327411756687, 0.1621904886628264], "InvR": [[4.200699325443856, -3.66676635434283], [-3.6667663543428306, 4.200699325443856]], "name": "\u4e03\u5c3e\u7dda"}