{"Avg": [137.03622639705878, 36.76559051470588], "Std": [0.017532845674903392, 0.015024969233591456], "InvR": [[37.683633046627016, -37.18027120054684], [-37.18027120054684, 37.683633046627016]], "name": "\u4e07\u8449\u7dda_\u9ad8\u5ca1\u8ecc\u9053\u7dda"}