{"Avg": [137.08792815384612, 36.77881938461538], "Std": [0.012949821013590296, 0.004282471564205085], "InvR": [[2.916788714224159, 2.3645015731018795], [2.3645015731018795, 2.916788714224159]], "name": "\u4e07\u8449\u7dda_\u65b0\u6e4a\u6e2f\u7dda"}