{"Avg": [136.19955050326087, 36.14222845891305], "Std": [0.02266368990126326, 0.05820198553955534], "InvR": [[2.2313968363458434, 1.6576293327847438], [1.6576293327847438, 2.2313968363458434]], "name": "\u4e09\u56fd\u82a6\u539f\u7dda"}