{"Avg": [136.56029082142842, 35.07658128571427], "Std": [0.0442515841609527, 0.047940141316211916], "InvR": [[13.635039963395052, 13.125519983603892], [13.125519983603892, 13.635039963395055]], "name": "\u4e09\u5c90\u9244\u9053_\u4e09\u5c90\u7dda"}