{"Avg": [136.59325211255413, 35.09035506926408], "Std": [0.04775110546187815, 0.028012318114477897], "InvR": [[6.73643902421267, 6.216363221588863], [6.216363221588863, 6.736439024212668]], "name": "\u4e09\u5c90\u9244\u9053_\u5317\u52e2\u7dda"}