{"Avg": [136.5513275, 35.08835857142858], "Std": [0.04686046983370978, 0.05069838083595705], "InvR": [[19.968409120761088, 19.461987403483068], [19.461987403483068, 19.96840912076109]], "name": "\u4e09\u5c90\u7dda"}