{"Avg": [136.65020902439025, 35.01135512195122], "Std": [0.0005635765789860962, 0.003131095126699793], "InvR": [[1.0978638363762088, -0.32778219421817], [-0.32778219421817, 1.0978638363762088]], "name": "\u4e09\u5c90\u9244\u9053_\u8fd1\u9244\u9023\u7d61\u7dda"}