{"Avg": [137.06234042553191, 35.00160468085106], "Std": [0.0749546313830989, 0.07486872010679778], "InvR": [[8.32043400981314, -7.804433874525558], [-7.804433874525558, 8.32043400981314]], "name": "\u4e09\u6cb3\u7dda"}