{"Avg": [135.22437727272728, 34.84959863636364], "Std": [0.003997681352780554, 0.029547104656717692], "InvR": [[1.8371553121499207, -1.2401549616119558], [-1.2401549616119558, 1.8371553121499207]], "name": "\u4e09\u7530\u7dda"}