{"Avg": [130.54476003703704, 32.66011988888889], "Std": [0.06028305709424884, 0.03479099136732103], "InvR": [[5.17180727979758, -4.644973978352265], [-4.644973978352264, 5.17180727979758]], "name": "\u4e09\u89d2\u7dda"}