{"Avg": [141.81156342359765, 39.134527446808555], "Std": [0.053553970861635054, 0.07081988399804605], "InvR": [[3.496432563201501, -2.9544217887455266], [-2.9544217887455266, 3.496432563201501]], "name": "\u4e09\u9678\u9244\u9053_\u5357\u30ea\u30a2\u30b9\u7dda"}