{"Avg": [141.88960450543735, 39.939760655137725], "Std": [0.06539789140819832, 0.165642878933706], "InvR": [[4.59094213687849, 4.060271858790732], [4.060271858790732, 4.59094213687849]], "name": "\u4e09\u9678\u9244\u9053_\u5317\u30ea\u30a2\u30b9\u7dda"}