{"Avg": [138.92037758624997, 36.26087157645833], "Std": [0.08805831261446886, 0.026329083004449378], "InvR": [[3.388360221997565, -2.8447539035947944], [-2.8447539035947944, 3.3883602219975644]], "name": "\u4e0a\u4fe1\u7dda"}