{"Avg": [138.91602878401056, 36.256466901503956], "Std": [0.09464103264066692, 0.02774532684251723], "InvR": [[4.294447796613249, -3.761360668856836], [-3.761360668856836, 4.29444779661325]], "name": "\u4e0a\u4fe1\u96fb\u9244_\u4e0a\u4fe1\u7dda"}