{"Avg": [139.20688571428573, 36.409955892857155], "Std": [0.08850841801887534, 0.010521990030541297], "InvR": [[3.336266986116656, -2.7918471334468262], [-2.7918471334468262, 3.336266986116656]], "name": "\u4e0a\u6bdb\u7dda"}