{"Avg": [139.20619657142865, 36.41063485714287], "Std": [0.08323893671598348, 0.01075852195470744], "InvR": [[3.3458756449335474, -2.8016081429111273], [-2.8016081429111273, 3.345875644933548]], "name": "\u4e0a\u6bdb\u96fb\u6c17\u9244\u9053_\u4e0a\u6bdb\u7dda"}