{"Avg": [137.2579368965517, 36.635297241379305], "Std": [0.03265694815475597, 0.02034587239280987], "InvR": [[11.22169083348612, 10.710025879000494], [10.710025879000494, 11.22169083348612]], "name": "\u4e0a\u6edd\u7dda"}