{"Avg": [138.21249394904459, 36.37432210191082], "Std": [0.023110205448459133, 0.01467270619371005], "InvR": [[3.711215551731177, -3.1720506489777502], [-3.1720506489777502, 3.711215551731177]], "name": "\u4e0a\u7530\u96fb\u9244_\u5225\u6240\u7dda"}