{"Avg": [135.50421478227273, 34.62798228045455], "Std": [0.006625622801262734, 0.011009358118641285], "InvR": [[14.316961679488148, -13.807911864306057], [-13.807911864306057, 14.316961679488148]], "name": "\u4e0a\u753a\u7dda"}