{"Avg": [130.6988579090909, 32.805744000000004], "Std": [0.0025708241676166413, 0.006943485966259292], "InvR": [[1.0645061202679227, 0.2620441944022842], [0.2620441944022842, 1.0645061202679227]], "name": "\u4e0a\u718a\u672c\u7dda"}