{"Avg": [139.0785622222222, 36.70203500000001], "Std": [0.21744433748932865, 0.5980887558692461], "InvR": [[1.8417636142978404, 1.2451223219642331], [1.2451223219642331, 1.8417636142978404]], "name": "\u4e0a\u8d8a\u65b0\u5e79\u7dda"}