{"Avg": [138.91863530503593, 36.91017450460433], "Std": [0.08182877770045015, 0.29059976022998196], "InvR": [[2.3382411218520867, 1.7689348269701788], [1.768934826970179, 2.338241121852086]], "name": "\u4e0a\u8d8a\u7dda"}