{"Avg": [136.92971999999997, 35.199912499999996], "Std": [4.5276925694073314e-05, 0.0038138063335738104], "InvR": [[9.042808352641435, 8.528163609474214], [8.528163609474214, 9.042808352641435]], "name": "\u4e0a\u98ef\u7530\u7dda"}