{"Avg": [137.90752545454544, 36.21602575757575], "Std": [0.044352049598426306, 0.01290562246049153], "InvR": [[37.207382523685595, -36.70397705617442], [-36.70397705617442, 37.207382523685595]], "name": "\u4e0a\u9ad8\u5730\u7dda"}