{"Avg": [139.769845, 35.7150975], "Std": [0.0002200568108403007, 0.0007976959007020507], "InvR": [[1.6338967808025138, -1.0177042347923604], [-1.0177042347923604, 1.6338967808025135]], "name": "\u4e0a\u91ce\u61f8\u5782\u7dda"}