{"Avg": [137.22837750000002, 36.68313125], "Std": [0.0047504651088117085, 0.0099332880224772], "InvR": [[3.4317105134353945, -2.8887586494180537], [-2.888758649418054, 3.431710513435393]], "name": "\u4e0d\u4e8c\u8d8a\u7dda"}