{"Avg": [139.65073592592594, 35.649821851851854], "Std": [0.008547560301373066, 0.007032301681598172], "InvR": [[1.566358228239526, 0.9418704109027639], [0.9418704109027639, 1.566358228239526]], "name": "\u4e16\u7530\u8c37\u7dda"}