{"Avg": [139.41460170083332, 36.358427321875006], "Std": [0.23583731547849363, 0.03314115253807543], "InvR": [[1.418073311426605, 0.7699731197605617], [0.7699731197605617, 1.418073311426605]], "name": "\u4e21\u6bdb\u7dda"}