{"Avg": [135.501811, 34.692555999999996], "Std": [0.009794706172212642, 0.0014907796617883338], "InvR": [[1.223497907282911, 0.5229237246891288], [0.5229237246891288, 1.223497907282911]], "name": "\u4e2d\u4e4b\u5cf6\u7dda"}