{"Avg": [138.48283159891588, 35.68892425474252], "Std": [0.8726163042278194, 0.21002926307417233], "InvR": [[1.0777280845092612, -0.28943002544784463], [-0.2894300254478447, 1.0777280845092612]], "name": "\u4e2d\u592e\u7dda"}