{"Avg": [133.0614813888889, 33.067011666666666], "Std": [0.05723232969188341, 0.061347328951181945], "InvR": [[3.1928929901851846, -2.6460673945666056], [-2.6460673945666056, 3.1928929901851846]], "name": "\u4e2d\u6751\u7dda"}