{"Avg": [135.19553571428568, 35.58468571428571], "Std": [0.0002498489339453619, 0.0012949667082620966], "InvR": [[730.3987488064341, -729.898577549784], [-729.898577549784, 730.3987488064341]], "name": "\u4e39\u5f8c\u6d77\u9678\u4ea4\u901a_\u5929\u6a4b\u7acb\u92fc\u7d22\u9244\u9053"}