{"Avg": [131.08550410126577, 33.26689755696202], "Std": [0.3550252951508915, 0.05100431660380757], "InvR": [[3.9700620684388332, 3.4338507187730207], [3.4338507187730207, 3.9700620684388324]], "name": "\u4e45\u5927\u7dda"}