{"Avg": [140.0167227272727, 35.34640878787879], "Std": [0.0557615102004476, 0.05183556335985735], "InvR": [[2.239797058411785, 1.6664014535694274], [1.6664014535694274, 2.2397970584117854]], "name": "\u4e45\u7559\u91cc\u7dda"}