{"Avg": [139.6721216, 35.2202356], "Std": [0.022744656986644903, 0.03135316597474611], "InvR": [[3.965451401858433, -3.42919136512423], [-3.42919136512423, 3.965451401858433]], "name": "\u4e45\u91cc\u6d5c\u7dda"}