{"Avg": [130.0493254764293, 33.4174267201605], "Std": [0.1156564837265193, 0.11101185211184805], "InvR": [[6.667629289062289, -6.147328773320896], [-6.147328773320896, 6.667629289062289]], "name": "\u4e5d\u5dde\u65c5\u5ba2\u9244\u9053_\u7b51\u80a5\u7dda"}