{"Avg": [130.9751495133819, 31.92562160583941], "Std": [0.09867569357095829, 0.09237375797742237], "InvR": [[3.0151506583363177, 2.464950878644362], [2.464950878644362, 3.0151506583363177]], "name": "\u4e5d\u5dde\u65c5\u5ba2\u9244\u9053_\u5409\u90fd\u7dda"}