{"Avg": [131.39150918393952, 32.68404900710235], "Std": [0.3654418610051936, 0.711594924472905], "InvR": [[1.1781362096080488, -0.4581143075495149], [-0.4581143075495148, 1.1781362096080488]], "name": "\u4e5d\u5dde\u65c5\u5ba2\u9244\u9053_\u65e5\u8c4a\u7dda"}