{"Avg": [130.92763183673472, 33.926339795918366], "Std": [0.008474873468075102, 0.014524677591671422], "InvR": [[3.363196412820035, 2.819200897131226], [2.8192008971312266, 3.363196412820034]], "name": "\u4e5d\u5dde\u65c5\u5ba2\u9244\u9053_\u5c71\u967d\u7dda"}