{"Avg": [130.6792402320675, 33.68142868143458], "Std": [0.06206065466404683, 0.14404732703599518], "InvR": [[5.5984811879697975, -5.073904849726877], [-5.073904849726877, 5.598481187969798]], "name": "\u4e5d\u5dde\u65c5\u5ba2\u9244\u9053_\u7b51\u8c4a\u7dda"}