{"Avg": [130.74958277777782, 33.624907136752164], "Std": [0.03118857997595368, 0.008390909402754143], "InvR": [[1.067526607375279, -0.2684891991847978], [-0.2684891991847978, 1.067526607375279]], "name": "\u4e5d\u5dde\u65c5\u5ba2\u9244\u9053_\u5f8c\u85e4\u5bfa\u7dda"}