{"Avg": [130.05920936605312, 33.34515946830265], "Std": [0.08314595411253185, 0.059658918717484175], "InvR": [[5.517642090958087, 4.992667839237279], [4.992667839237279, 5.517642090958087]], "name": "\u4e5d\u5dde\u65c5\u5ba2\u9244\u9053_\u5510\u6d25\u7dda"}