{"Avg": [130.55089916365358, 32.92177798119586], "Std": [0.15452755065295679, 0.8205201649600697], "InvR": [[1.4477692065397787, -0.8051499666925669], [-0.8051499666925668, 1.4477692065397787]], "name": "\u4e5d\u5dde\u65c5\u5ba2\u9244\u9053_\u9e7f\u5150\u5cf6\u7dda"}