{"Avg": [131.24019153129774, 32.96749932175575], "Std": [0.3152595651498928, 0.10811541924532803], "InvR": [[4.041635322709789, -3.5061632533391354], [-3.5061632533391354, 4.041635322709789]], "name": "\u4e5d\u5dde\u65c5\u5ba2\u9244\u9053_\u8c4a\u80a5\u7dda"}