{"Avg": [130.5266420030006, 31.329055603900898], "Std": [0.07968359159988057, 0.11522062065591913], "InvR": [[1.0047507023425541, 0.069088866797058], [0.069088866797058, 1.0047507023425541]], "name": "\u4e5d\u5dde\u65c5\u5ba2\u9244\u9053_\u6307\u5bbf\u6795\u5d0e\u7dda"}