{"Avg": [130.85510278268538, 33.577916148409884], "Std": [0.025382613932536165, 0.14224089394990103], "InvR": [[1.1077915100735898, 0.3455582725352334], [0.34555827253523336, 1.1077915100735898]], "name": "\u4e5d\u5dde\u65c5\u5ba2\u9244\u9053_\u65e5\u7530\u5f66\u5c71\u7dda"}