{"Avg": [131.33770665289256, 31.60910780991734], "Std": [0.10344343900144191, 0.12176803616511252], "InvR": [[3.2810904019351534, -2.7357748123220658], [-2.7357748123220658, 3.281090401935154]], "name": "\u4e5d\u5dde\u65c5\u5ba2\u9244\u9053_\u65e5\u5357\u7dda"}