{"Avg": [130.54812315864024, 32.6633369263456], "Std": [0.056767605532367815, 0.03175359913619597], "InvR": [[3.6553355587375203, -3.1154682614710456], [-3.1154682614710456, 3.6553355587375203]], "name": "\u4e5d\u5dde\u65c5\u5ba2\u9244\u9053_\u4e09\u89d2\u7dda"}