{"Avg": [129.87537250334663, 33.17304072289157], "Std": [0.10773652558753882, 0.023392097070755707], "InvR": [[4.572255867629847, -4.041443783036666], [-4.041443783036666, 4.572255867629847]], "name": "\u4e5d\u5dde\u65c5\u5ba2\u9244\u9053_\u4f50\u4e16\u4fdd\u7dda"}