{"Avg": [130.70005940777713, 32.15911207277916], "Std": [0.058898509448067, 0.20698452479761106], "InvR": [[1.6059998658537737, 0.9865270920094217], [0.9865270920094217, 1.6059998658537742]], "name": "\u4e5d\u5dde\u65c5\u5ba2\u9244\u9053_\u80a5\u85a9\u7dda"}