{"Avg": [129.90820508528785, 33.009532110874225], "Std": [0.06721864147124727, 0.07331281320464506], "InvR": [[6.036107325687357, 5.513482050531154], [5.513482050531154, 6.036107325687357]], "name": "\u4e5d\u5dde\u65c5\u5ba2\u9244\u9053_\u5927\u6751\u7dda"}