{"Avg": [130.49445480645159, 32.733475741935486], "Std": [0.10405174356816667, 0.6041571178898465], "InvR": [[1.0838860139608266, -0.30153420585244173], [-0.3015342058524417, 1.0838860139608266]], "name": "\u4e5d\u5dde\u65b0\u5e79\u7dda"}