{"Avg": [130.48403720863973, 32.698648608455926], "Std": [0.11034169167683705, 0.6368768637789787], "InvR": [[1.0773256220669472, -0.2886258371923546], [-0.2886258371923546, 1.0773256220669472]], "name": "\u4e5d\u5dde\u65c5\u5ba2\u9244\u9053_\u4e5d\u5dde\u65b0\u5e79\u7dda"}