{"Avg": [130.55317443452387, 33.606998422619064], "Std": [0.07162445838930433, 0.013671498448717968], "InvR": [[2.041858696554597, 1.4585363348717237], [1.4585363348717237, 2.041858696554597]], "name": "\u4e5d\u5dde\u65c5\u5ba2\u9244\u9053_\u7be0\u6817\u7dda"}