{"Avg": [131.16905116604792, 33.25650279313546], "Std": [0.3066413806383002, 0.05001576875567008], "InvR": [[4.436332335944721, 3.904447753396634], [3.904447753396634, 4.436332335944721]], "name": "\u4e5d\u5dde\u65c5\u5ba2\u9244\u9053_\u4e45\u5927\u7dda"}