{"Avg": [131.4340532432432, 31.87388081081082], "Std": [0.0030105373984269197, 0.0018849609335377174], "InvR": [[1.7798462909506254, 1.1781368886763848], [1.178136888676385, 1.7798462909506252]], "name": "\u4e5d\u5dde\u65c5\u5ba2\u9244\u9053_\u5bae\u5d0e\u7a7a\u6e2f\u7dda"}