{"Avg": [130.44736287625415, 33.63987257525084], "Std": [0.04784357720062871, 0.03912432847541758], "InvR": [[3.0846878735424395, 2.535865020784296], [2.535865020784296, 3.0846878735424395]], "name": "\u4e5d\u5dde\u65c5\u5ba2\u9244\u9053_\u9999\u690e\u7dda"}