{"Avg": [130.13978421081595, 33.01163918881761], "Std": [0.17419266346527087, 0.19274369050056922], "InvR": [[4.967470981233793, -4.439402771563539], [-4.439402771563539, 4.967470981233793]], "name": "\u4e5d\u5dde\u65c5\u5ba2\u9244\u9053_\u9577\u5d0e\u7dda"}