{"Avg": [139.82632818181818, 35.707843636363634], "Std": [0.006328021115618976, 0.007897492436011962], "InvR": [[2.708527871629533, 2.151184641020959], [2.1511846410209596, 2.7085278716295327]], "name": "\u4e80\u6238\u7dda"}