{"Avg": [132.78629627906977, 33.22831325581395], "Std": [0.15729470805307844, 0.03901472564694855], "InvR": [[2.8291389651229717, 2.274838086294079], [2.274838086294079, 2.8291389651229717]], "name": "\u4e88\u571f\u7dda"}