{"Avg": [133.0687744444444, 33.87773742424243], "Std": [0.5141924617982511, 0.3078467633761041], "InvR": [[4.550910501770744, -4.01993481207799], [-4.01993481207799, 4.550910501770744]], "name": "\u4e88\u8b83\u7dda"}