{"Avg": [139.29383066666665, 35.72760533333334], "Std": [0.040164913787477115, 0.0036522356015032693], "InvR": [[3.8259672511743315, 3.2881694232329544], [3.288169423232954, 3.8259672511743315]], "name": "\u4e94\u65e5\u5e02\u7dda"}