{"Avg": [140.11734080459766, 40.59144390804596], "Std": [0.20072179153794745, 0.18935422955770972], "InvR": [[1.2668213498129604, -0.5813905593737918], [-0.5813905593737918, 1.2668213498129604]], "name": "\u4e94\u80fd\u7dda"}