{"Avg": [139.64279569047616, 35.67334861904763], "Std": [0.03767773047740263, 0.014215194119493778], "InvR": [[16.468717164576407, 15.960887440309738], [15.960887440309738, 16.468717164576407]], "name": "\u4e95\u306e\u982d\u7dda"}