{"Avg": [138.16181642857143, 35.15864107142857], "Std": [0.02529498160481109, 0.029486766443281152], "InvR": [[4.5935667180130615, -4.062916252499457], [-4.062916252499457, 4.593566718013062]], "name": "\u4e95\u5ddd\u7dda"}