{"Avg": [133.55140666666668, 34.60228527777778], "Std": [0.12971025803262007, 0.03485043579243824], "InvR": [[9.354148153076933, -8.84001920340876], [-8.840019203408762, 9.354148153076933]], "name": "\u4e95\u539f\u7dda"}