{"Avg": [133.5726957517899, 34.608233556085956], "Std": [0.11189217549749066, 0.027878536204584654], "InvR": [[7.71789805672511, -7.200559169764256], [-7.200559169764256, 7.71789805672511]], "name": "\u4e95\u539f\u9244\u9053_\u4e95\u539f\u7dda"}