{"Avg": [135.668415625, 34.795266874999996], "Std": [0.012713802032017022, 0.016830787904443412], "InvR": [[41.554095366548445, 41.05105049040347], [41.05105049040347, 41.55409536654845]], "name": "\u4ea4\u91ce\u7dda"}