{"Avg": [135.83681142857145, 34.99743071428572], "Std": [0.02182442532614572, 0.007184917202312453], "InvR": [[1.8020932170025983, -1.2022673353976543], [-1.2022673353976543, 1.8020932170025985]], "name": "\u4eac\u6d25\u7dda"}