{"Avg": [139.87235395833338, 35.75788895833333], "Std": [0.002687094728809325, 0.0057601635681289315], "InvR": [[1.0539054166411053, -0.2383510238793961], [-0.2383510238793961, 1.0539054166411053]], "name": "\u4eac\u6210\u96fb\u9244_\u91d1\u753a\u7dda"}