{"Avg": [139.67808636690646, 35.220295683453244], "Std": [0.02033424152820351, 0.026682420452866222], "InvR": [[3.0311648442817427, -2.4812890740354736], [-2.4812890740354736, 3.0311648442817427]], "name": "\u4eac\u6d5c\u6025\u884c\u96fb\u9244_\u4e45\u91cc\u6d5c\u7dda"}