{"Avg": [139.65888843354386, 35.41289941230008], "Std": [0.04591759998052086, 0.11594860627971382], "InvR": [[1.2750876555695048, -0.5922506849436574], [-0.5922506849436574, 1.2750876555695048]], "name": "\u4eac\u6d5c\u6025\u884c\u96fb\u9244_\u672c\u7dda"}