{"Avg": [140.07541043165475, 35.6449226618705], "Std": [0.02848701789066347, 0.024235333013923173], "InvR": [[44.869712412109564, 44.3668950855625], [44.3668950855625, 44.869712412109564]], "name": "\u4eac\u6210\u96fb\u9244_\u5343\u8449\u7dda"}