{"Avg": [139.8338453846154, 35.72892576923077], "Std": [0.013948081174191732, 0.010601438402554337], "InvR": [[36.71847547610891, -36.215024034418406], [-36.215024034418406, 36.718475476108914]], "name": "\u4eac\u6210\u96fb\u9244_\u62bc\u4e0a\u7dda"}