{"Avg": [140.34656462962965, 35.775846913580246], "Std": [0.02074791993557268, 0.0018245074708125955], "InvR": [[1.1919100449896745, 0.4782671955691853], [0.4782671955691853, 1.1919100449896745]], "name": "\u4eac\u6210\u96fb\u9244_\u6771\u6210\u7530\u7dda"}