{"Avg": [139.75283628666668, 35.550369499080446], "Std": [0.019366771420033964, 0.004706623269793733], "InvR": [[2.884201091412586, 2.3311831425893947], [2.3311831425893947, 2.8842010914125864]], "name": "\u4eac\u6d5c\u6025\u884c\u96fb\u9244_\u7a7a\u6e2f\u7dda"}