{"Avg": [140.11786928292682, 35.78143967560978], "Std": [0.1755590080547257, 0.015808472626261342], "InvR": [[1.601862795379697, -0.9818867652850607], [-0.9818867652850607, 1.601862795379697]], "name": "\u4eac\u6210\u96fb\u9244_\u6210\u7530\u7a7a\u6e2f\u7dda"}