{"Avg": [139.7236610909091, 35.53555345454546], "Std": [0.014910782635726939, 0.000929213192450818], "InvR": [[1.466802478575826, -0.8274702608434702], [-0.8274702608434702, 1.466802478575826]], "name": "\u4eac\u6d5c\u6025\u884c\u96fb\u9244_\u5927\u5e2b\u7dda"}