{"Avg": [139.59932097701144, 35.31209804597702], "Std": [0.012082390704549917, 0.010977451375912599], "InvR": [[22.349648244564545, -21.8439265795141], [-21.8439265795141, 22.34964824456455]], "name": "\u4eac\u6d5c\u6025\u884c\u96fb\u9244_\u9017\u5b50\u7dda"}