{"Avg": [140.15223956521726, 35.57132919254658], "Std": [0.015242715451819036, 0.019699309190370752], "InvR": [[5.269055490796601, 4.742772424890025], [4.742772424890026, 5.269055490796601]], "name": "\u4eac\u6210\u96fb\u9244_\u5343\u539f\u7dda"}