{"Avg": [140.09450003336107, 35.73423423686398], "Std": [0.19375278094116336, 0.027350182399666467], "InvR": [[1.310706622331288, -0.6381576823104189], [-0.6381576823104189, 1.310706622331288]], "name": "\u4eac\u6210\u96fb\u9244_\u672c\u7dda"}