{"Avg": [139.52399708561032, 35.66331145719493], "Std": [0.11286706683296577, 0.011590757186529738], "InvR": [[2.539944683312769, -1.97771947226497], [-1.9777194722649705, 2.539944683312769]], "name": "\u4eac\u738b\u96fb\u9244_\u4eac\u738b\u7dda"}