{"Avg": [139.62960227519383, 35.678007387596885], "Std": [0.03711856006574675, 0.014231556691294436], "InvR": [[27.734956126280682, 27.23036604969595], [27.23036604969595, 27.734956126280682]], "name": "\u4eac\u738b\u96fb\u9244_\u4e95\u306e\u982d\u7dda"}