{"Avg": [139.5382598913043, 35.66305902173913], "Std": [0.10905811817652868, 0.010555381489592295], "InvR": [[2.1720342656079543, -1.5955245486570024], [-1.5955245486570024, 2.1720342656079548]], "name": "\u4eac\u738b\u7dda"}