{"Avg": [139.31047653846156, 35.64255543956043], "Std": [0.028361586050369616, 0.003206423939081476], "InvR": [[3.595126620063832, -3.054473570720127], [-3.054473570720127, 3.5951266200638328]], "name": "\u4eac\u738b\u96fb\u9244_\u9ad8\u5c3e\u7dda"}