{"Avg": [135.81483434782604, 35.06607130434783], "Std": [0.004664561889197915, 0.0012295396959414635], "InvR": [[10.726674284127869, 10.21444403350678], [10.21444403350678, 10.726674284127869]], "name": "\u4eac\u798f\u96fb\u6c17\u9244\u9053_\u92fc\u7d22\u7dda"}