{"Avg": [135.71212148560446, 35.02357693967032], "Std": [0.008616121193333959, 0.004735235112675404], "InvR": [[2.9270967525781146, -2.3750365568502794], [-2.3750365568502794, 2.927096752578115]], "name": "\u4eac\u798f\u96fb\u6c17\u9244\u9053_\u5317\u91ce\u7dda"}