{"Avg": [139.41186879999995, 35.6560242], "Std": [0.0033156764860274844, 0.003969726484280574], "InvR": [[7.537028030156087, -7.019242373447612], [-7.019242373447612, 7.537028030156089]], "name": "\u4eac\u738b\u96fb\u9244_\u52d5\u7269\u5712\u7dda"}