{"Avg": [139.49041470588236, 35.66876352941176], "Std": [0.0035994887180186333, 0.0004132217916994956], "InvR": [[2.448972438728296, -1.8837445598919513], [-1.883744559891951, 2.448972438728296]], "name": "\u4eac\u738b\u96fb\u9244_\u7af6\u99ac\u5834\u7dda"}