{"Avg": [139.4560913436691, 35.62556684754522], "Std": [0.06161548659529852, 0.013675920402208918], "InvR": [[3.999147106623393, -3.4632398810638083], [-3.4632398810638083, 3.999147106623392]], "name": "\u4eac\u738b\u96fb\u9244_\u76f8\u6a21\u539f\u7dda"}