{"Avg": [135.7133847777778, 35.010746611111124], "Std": [0.019965186713531348, 0.00481228857127364], "InvR": [[13.303185275820898, 12.793418355036977], [12.793418355036977, 13.303185275820898]], "name": "\u4eac\u798f\u96fb\u6c17\u9244\u9053_\u5d50\u5c71\u672c\u7dda"}