{"Avg": [139.94328673469388, 35.65949857142857], "Std": [0.11009571016847675, 0.03312878697644419], "InvR": [[1.2809629517016305, 0.5999192711778172], [0.5999192711778172, 1.2809629517016305]], "name": "\u4eac\u8449\u7dda"}