{"Avg": [135.78899565573766, 34.990829032786884], "Std": [0.02650643532200745, 0.022995516029033686], "InvR": [[1.922756381607945, 1.3320043999199596], [1.3320043999199596, 1.922756381607945]], "name": "\u4eac\u90fd\u5e02_\u6771\u897f\u7dda"}