{"Avg": [135.76336134782625, 35.01488160869567], "Std": [0.007721548583747971, 0.0328128173064431], "InvR": [[1.6955825558234223, -1.0860099667080716], [-1.0860099667080716, 1.6955825558234223]], "name": "\u4eac\u90fd\u5e02_\u70cf\u4e38\u7dda"}