{"Avg": [135.6550893769932, 34.83008347494305], "Std": [0.08249198410895839, 0.09469663319840195], "InvR": [[34.60565903417156, -34.10199375630651], [-34.10199375630651, 34.605659034171566]], "name": "\u4eac\u962a\u96fb\u6c17\u9244\u9053_\u4eac\u962a\u672c\u7dda"}