{"Avg": [135.65686087619045, 34.83536620000002], "Std": [0.09092829287800706, 0.10791031049749031], "InvR": [[27.230638512099496, -26.72596182113072], [-26.72596182113072, 27.230638512099503]], "name": "\u4eac\u962a\u672c\u7dda"}