{"Avg": [135.7723640476191, 35.01991547619048], "Std": [0.00013928490028037964, 0.00727468906302714], "InvR": [[1.3676587778358427, -0.7091063070905436], [-0.7091063070905436, 1.367658777835843]], "name": "\u4eac\u962a\u96fb\u6c17\u9244\u9053_\u9d28\u6771\u7dda"}