{"Avg": [135.6995686666667, 34.88279666666667], "Std": [0.0002131624315477241, 0.0012973134633631456], "InvR": [[8.729610892973334, 8.214407796654934], [8.214407796654934, 8.729610892973334]], "name": "\u4eac\u962a\u96fb\u6c17\u9244\u9053_\u92fc\u7d22\u7dda"}