{"Avg": [135.66683199999997, 34.797867411764706], "Std": [0.01355515294248167, 0.018058655878125603], "InvR": [[87.82371555049119, 87.3222840834062], [87.3222840834062, 87.82371555049119]], "name": "\u4eac\u962a\u96fb\u6c17\u9244\u9053_\u4ea4\u91ce\u7dda"}