{"Avg": [135.7915233333333, 34.91958513513514], "Std": [0.014398972706934906, 0.011995838307239796], "InvR": [[1.9099193044737146, 1.3182839015658363], [1.3182839015658363, 1.909919304473715]], "name": "\u4eac\u962a\u96fb\u6c17\u9244\u9053_\u5b87\u6cbb\u7dda"}