{"Avg": [135.875489387755, 35.01227693877551], "Std": [0.016724604752128735, 0.02688797859024965], "InvR": [[2.3745732885297666, 1.8066612892485698], [1.8066612892485696, 2.374573288529767]], "name": "\u4eac\u962a\u96fb\u6c17\u9244\u9053_\u77f3\u5c71\u5742\u672c\u7dda"}