{"Avg": [135.69629257692304, 34.85414620769231], "Std": [0.10254111181171453, 0.09798597131329906], "InvR": [[1.1799105228113373, -0.46073671335111327], [-0.46073671335111327, 1.1799105228113371]], "name": "\u4eac\u90fd\u7dda"}