{"Avg": [135.50148407407403, 34.6928074074074], "Std": [0.008776072376917415, 0.0013657763837159446], "InvR": [[1.2792571270238102, 0.5976969717318323], [0.5976969717318323, 1.2792571270238104]], "name": "\u4eac\u962a\u96fb\u6c17\u9244\u9053_\u4e2d\u4e4b\u5cf6\u7dda"}