{"Avg": [135.83798983471078, 34.9964720661157], "Std": [0.021192732107672755, 0.006245212767234268], "InvR": [[1.7694503492022728, -1.166835116496659], [-1.166835116496659, 1.7694503492022726]], "name": "\u4eac\u962a\u96fb\u6c17\u9244\u9053_\u4eac\u6d25\u7dda"}