{"Avg": [135.35180638888892, 34.778309722222225], "Std": [0.005207645102677822, 0.02657435663338623], "InvR": [[2.346828764542102, 1.7778572736696576], [1.7778572736696576, 2.3468287645421024]], "name": "\u4eca\u6d25\u7dda"}