{"Avg": [140.8756976281777, 38.25464702995555], "Std": [0.03225033467972763, 0.005220759832654544], "InvR": [[1.1804648734643022, 0.46155437818180084], [0.46155437818180084, 1.1804648734643022]], "name": "\u4ed9\u53f0\u5e02_\u6771\u897f\u7dda"}