{"Avg": [140.906475, 38.15885875], "Std": [0.018282331634670426, 0.01335075975132204], "InvR": [[6.647200763538104, 6.126832560731805], [6.126832560731804, 6.647200763538104]], "name": "\u4ed9\u53f0\u7a7a\u6e2f\u7dda"}