{"Avg": [140.90908776119403, 38.15758179104478], "Std": [0.02056918400930588, 0.011592705236596178], "InvR": [[5.262341443053371, 4.736021116952886], [4.7360211169528865, 5.262341443053371]], "name": "\u4ed9\u53f0\u7a7a\u6e2f\u9244\u9053_\u4ed9\u53f0\u7a7a\u6e2f\u7dda"}