{"Avg": [140.70123724137932, 38.28987068965517], "Std": [0.1810842437003498, 0.02145817992587565], "InvR": [[2.057278604801372, 1.474827668906475], [1.474827668906475, 2.057278604801372]], "name": "\u4ed9\u5c71\u7dda"}