{"Avg": [140.87975254504514, 38.2687995045045], "Std": [0.006181753487515151, 0.03146791188787899], "InvR": [[1.0400539221449705, -0.2041035002741645], [-0.2041035002741645, 1.0400539221449705]], "name": "\u4ed9\u53f0\u5e02_\u5357\u5317\u7dda"}