{"Avg": [141.06872455722888, 38.34430186975902], "Std": [0.1333334138350979, 0.06677302181687975], "InvR": [[20.05669731022292, -19.550304593117733], [-19.550304593117733, 20.05669731022292]], "name": "\u4ed9\u77f3\u7dda"}