{"Avg": [132.76259090909087, 33.850276753246746], "Std": [0.005879959400384738, 0.002093028900438952], "InvR": [[1.379309542179062, 0.7233154712621261], [0.7233154712621261, 1.3793095421790622]], "name": "\u4f0a\u4e88\u9244\u9053_\u57ce\u5317\u7dda"}