{"Avg": [132.75873111111113, 33.847647222222214], "Std": [5.8394148192570727e-05, 0.0040395500375867074], "InvR": [[8.898177415643815, -8.383280020650021], [-8.383280020650021, 8.898177415643815]], "name": "\u4f0a\u4e88\u9244\u9053_\u672c\u753a\u7dda"}