{"Avg": [132.76194000000004, 33.83758384615384], "Std": [0.0005328298905902924, 0.0015284156626617744], "InvR": [[1.9401615033442337, 1.350579562896878], [1.350579562896878, 1.940161503344233]], "name": "\u4f0a\u4e88\u9244\u9053_\u82b1\u5712\u7dda"}