{"Avg": [132.72149341269838, 33.79540769841271], "Std": [0.018808531843275668, 0.02322045903333033], "InvR": [[10.880764182413532, -10.368715687628805], [-10.368715687628805, 10.880764182413532]], "name": "\u4f0a\u4e88\u9244\u9053_\u90e1\u4e2d\u7dda"}