{"Avg": [132.7729145833333, 33.844148229166656], "Std": [0.008288671475359466, 0.0035991338642069573], "InvR": [[4.772265593299391, -4.242906232724192], [-4.242906232724192, 4.772265593299391]], "name": "\u4f0a\u4e88\u9244\u9053_\u57ce\u5357\u7dda"}