{"Avg": [135.41555727272726, 34.76367181818182], "Std": [0.0009666821505338952, 0.01061054519906929], "InvR": [[3.492091043200277, 2.950018442450711], [2.950018442450711, 3.4920910432002765]], "name": "\u4f0a\u4e39\u7dda"}