{"Avg": [132.75427529411763, 33.84264117647059], "Std": [0.001986413018026103, 0.002443685457647326], "InvR": [[1.0527275825036644, 0.2356008923165301], [0.2356008923165301, 1.0527275825036644]], "name": "\u4f0a\u4e88\u9244\u9053_\u5927\u624b\u753a\u7dda"}