{"Avg": [132.82254449612398, 33.8106558139535], "Std": [0.03806165255593612, 0.014087404165438687], "InvR": [[16.59533484880388, 16.087566748738624], [16.087566748738624, 16.595334848803883]], "name": "\u4f0a\u4e88\u9244\u9053_\u6a2a\u6cb3\u539f\u7dda"}