{"Avg": [132.73323551948053, 33.857256233766215], "Std": [0.019939815030020396, 0.013078155479674653], "InvR": [[7.549563235959858, 7.031809284799811], [7.03180928479981, 7.549563235959858]], "name": "\u4f0a\u4e88\u9244\u9053_\u9ad8\u6d5c\u7dda"}