{"Avg": [139.6315469465648, 36.02283290076334], "Std": [0.1939328520051715, 0.22616549446758819], "InvR": [[6.56541165749141, 6.044767867737576], [6.044767867737577, 6.56541165749141]], "name": "\u4f0a\u52e2\u5d0e\u7dda"}