{"Avg": [136.54780999999997, 34.81579523809524], "Std": [0.02855987078135571, 0.05345192460511574], "InvR": [[29.57662397195805, -29.072324668086758], [-29.072324668086758, 29.576623971958057]], "name": "\u4f0a\u52e2\u7dda"}