{"Avg": [136.54302781645572, 34.80874816455697], "Std": [0.026882895224940532, 0.04698202005721411], "InvR": [[28.069869398959646, -27.565335090937886], [-27.565335090937886, 28.069869398959646]], "name": "\u4f0a\u52e2\u9244\u9053_\u4f0a\u52e2\u7dda"}