{"Avg": [139.61797923076924, 35.96457230769231], "Std": [0.00653141398466382, 0.03185074462451499], "InvR": [[1.3231312424700816, 0.6538692853547567], [0.6538692853547567, 1.3231312424700816]], "name": "\u4f0a\u5948\u7dda"}