{"Avg": [139.07778666666667, 35.055240476190484], "Std": [0.007426951135870398, 0.04048428413196953], "InvR": [[1.6148384699941059, 0.9964260204243959], [0.9964260204243958, 1.6148384699941059]], "name": "\u4f0a\u6771\u7dda"}