{"Avg": [130.77616644444444, 33.68538644444445], "Std": [0.03397321612718991, 0.034671614528670416], "InvR": [[73.64289697235975, 73.1411879689497], [73.1411879689497, 73.64289697235974]], "name": "\u4f0a\u7530\u7dda"}