{"Avg": [139.03913142857144, 35.12767857142857], "Std": [0.001515966721942606, 6.388765649303586e-06], "InvR": [[1.0271094090722401, -0.1668662012885962], [-0.1668662012885962, 1.0271094090722404]], "name": "\u4f0a\u8c46\u7bb1\u6839\u9244\u9053_\u5341\u56fd\u92fc\u7d22\u7dda"}