{"Avg": [136.1413416103704, 34.736133101975284], "Std": [0.0164256112078172, 0.03777066406870739], "InvR": [[10.77464693883333, 10.262473859536847], [10.262473859536847, 10.77464693883333]], "name": "\u4f0a\u8cc0\u9244\u9053_\u4f0a\u8cc0\u7dda"}