{"Avg": [139.05785090090097, 34.830515375375406], "Std": [0.05917364113517447, 0.08377546688910018], "InvR": [[5.544511865803413, -5.019671300417133], [-5.019671300417133, 5.544511865803413]], "name": "\u4f0a\u8c46\u6025\u884c_\u4f0a\u8c46\u6025\u884c\u7dda"}