{"Avg": [138.93873337748346, 35.04999470198675], "Std": [0.013542429711831321, 0.04999187844381956], "InvR": [[2.520610848872681, 1.957771233464722], [1.9577712334647215, 2.5206108488726815]], "name": "\u4f0a\u8c46\u7bb1\u6839\u9244\u9053_\u99ff\u8c46\u7dda"}