{"Avg": [139.05289365853662, 34.82363121951219], "Std": [0.06143537368872818, 0.08481291497934348], "InvR": [[5.340582335804711, -4.814689745944653], [-4.814689745944653, 5.340582335804711]], "name": "\u4f0a\u8c46\u6025\u884c\u7dda"}