{"Avg": [139.14014304347825, 35.28697166666666], "Std": [0.017683338207406318, 0.020836639502879353], "InvR": [[17.837346206918966, 17.330134837864577], [17.330134837864577, 17.837346206918966]], "name": "\u4f0a\u8c46\u7bb1\u6839\u9244\u9053_\u5927\u96c4\u5c71\u7dda"}