{"Avg": [136.1388558135294, 34.742418482058824], "Std": [0.014248462257743606, 0.03660795624358056], "InvR": [[8.30917833369378, 7.793155089399437], [7.793155089399437, 8.30917833369378]], "name": "\u4f0a\u8cc0\u7dda"}