{"Avg": [133.49026805555553, 33.55385999999999], "Std": [0.03583581703171258, 0.0035307958655864144], "InvR": [[7.511793284594096, -6.993943456010983], [-6.993943456010983, 7.511793284594096]], "name": "\u4f0a\u91ce\u7dda"}