{"Avg": [139.710635, 36.948224545454536], "Std": [0.013072232802948561, 0.08340038247826338], "InvR": [[1.0030265812883379, 0.05509756330939538], [0.05509756330939538, 1.003026581288338]], "name": "\u4f1a\u6d25\u9b3c\u6012\u5ddd\u7dda"}