{"Avg": [139.8432618196586, 37.263767806661235], "Std": [0.07972908021509298, 0.10275626388641411], "InvR": [[6.037447433564422, -5.514827656372336], [-5.514827656372336, 6.037447433564422]], "name": "\u4f1a\u6d25\u9244\u9053_\u4f1a\u6d25\u7dda"}