{"Avg": [139.8434906, 37.283413599999996], "Std": [0.08007901409008601, 0.12329601840708353], "InvR": [[5.272626973561852, -4.746363684840234], [-4.746363684840234, 5.272626973561852]], "name": "\u4f1a\u6d25\u7dda"}