{"Avg": [133.50832474576268, 35.00476745762712], "Std": [0.13237339337039306, 0.24332465403168246], "InvR": [[3.3612674493026864, 2.817241810075788], [2.817241810075788, 3.3612674493026864]], "name": "\u4f2f\u5099\u7dda"}