{"Avg": [129.9127925, 33.1787628125], "Std": [0.13539501147106545, 0.02838250916435722], "InvR": [[5.106330166320172, -4.57911318937971], [-4.57911318937971, 5.106330166320172]], "name": "\u4f50\u4e16\u4fdd\u7dda"}