{"Avg": [139.5688059090909, 36.316861363636356], "Std": [0.025504883072409126, 0.050013550736088895], "InvR": [[10.79684609658792, -10.284699292483854], [-10.284699292483854, 10.79684609658792]], "name": "\u4f50\u91ce\u7dda"}