{"Avg": [136.08831785714287, 34.907366428571436], "Std": [0.02846973033605979, 0.023129208993683197], "InvR": [[9.338003389394045, -8.823848588396144], [-8.823848588396144, 9.338003389394045]], "name": "\u4fe1\u697d\u7dda"}