{"Avg": [136.1068407547169, 34.92010597484276], "Std": [0.026683094677506226, 0.017117812401360438], "InvR": [[5.094859705752479, -4.5675743798593755], [-4.5675743798593755, 5.094859705752479]], "name": "\u4fe1\u697d\u9ad8\u539f\u9435\u9053_\u4fe1\u697d\u7dda"}