{"Avg": [135.63539, 34.62415285714286], "Std": [0.01028302901456015, 0.0035632638099894662], "InvR": [[1.9924004787580154, 1.4061504859001237], [1.4061504859001237, 1.9924004787580156]], "name": "\u4fe1\u8cb4\u7dda"}