{"Avg": [138.7209945255475, 37.2569108759124], "Std": [0.31016465822939177, 0.4852621989643932], "InvR": [[1.1662689740353689, -0.440357066211209], [-0.440357066211209, 1.1662689740353689]], "name": "\u4fe1\u8d8a\u7dda"}