{"Avg": [130.7464772222222, 32.78346222222223], "Std": [0.009680535915808445, 0.003730218277132578], "InvR": [[27.276829164794353, 26.772160542634236], [26.772160542634236, 27.276829164794353]], "name": "\u5065\u8ecd\u7dda"}