{"Avg": [134.1367375, 34.35656], "Std": [0.002849476925684936, 0.0013657049461707977], "InvR": [[2801.0048740006514, -2800.5048293658424], [-2800.5048293658424, 2801.004874000652]], "name": "\u516b\u6817\u30b1\u30fc\u30d6\u30eb"}