{"Avg": [136.15946000000002, 35.11204214285714], "Std": [0.03196209943041932, 0.005366548742735962], "InvR": [[1.6324745826538611, 1.0161194222910206], [1.0161194222910204, 1.6324745826538614]], "name": "\u516b\u65e5\u5e02\u7dda"}