{"Avg": [141.64966543859651, 40.42329701754386], "Std": [0.10941857193573834, 0.10433636396525853], "InvR": [[4.2136589061225465, 3.6798454411868042], [3.6798454411868042, 4.213658906122546]], "name": "\u516b\u6238\u7dda"}