{"Avg": [136.5977725, 34.954455], "Std": [0.006588810116402503, 0.0015194324598347899], "InvR": [[93.26704413327354, -92.76569666220763], [-92.76569666220763, 93.26704413327353]], "name": "\u516b\u738b\u5b50\u7dda"}