{"Avg": [139.23932387096778, 35.988777741935486], "Std": [0.11081676930505348, 0.22605393326214934], "InvR": [[10.629129136292281, 10.116780963314627], [10.116780963314627, 10.629129136292281]], "name": "\u516b\u9ad8\u7dda"}