{"Avg": [135.19938000000002, 34.89259777777778], "Std": [0.013150115335361012, 0.01241698190004972], "InvR": [[14.509274790303746, 14.000349286722816], [14.000349286722816, 14.509274790303746]], "name": "\u516c\u5712\u90fd\u5e02\u7dda"}