{"Avg": [135.2357469230769, 34.744759487179486], "Std": [0.0012558134637008702, 0.004664165601976289], "InvR": [[15.094665051382641, -14.586097763351576], [-14.586097763351576, 15.09466505138264]], "name": "\u516d\u7532\u5c71\u89b3\u5149_\u516d\u7532\u30b1\u30fc\u30d6\u30eb\u7dda"}