{"Avg": [135.2678446153846, 34.70039769230769], "Std": [0.002493470289143233, 0.012712553549601538], "InvR": [[2.5031258851435094, 1.9397199054842864], [1.9397199054842862, 2.50312588514351]], "name": "\u516d\u7532\u30a2\u30a4\u30e9\u30f3\u30c9\u7dda"}