{"Avg": [135.235275, 34.744595], "Std": [0.0016322453859553036, 0.007192782841155388], "InvR": [[321.7002201878239, -321.199831022226], [-321.199831022226, 321.7002201878239]], "name": "\u516d\u7532\u30b1\u30fc\u30d6\u30eb\u7dda"}