{"Avg": [132.623145, 33.53878375], "Std": [0.01905453620532349, 0.00643639250182087], "InvR": [[3.5074202467324938, -2.9655651300311257], [-2.965565130031126, 3.507420246732493]], "name": "\u5185\u5b50\u7dda"}