{"Avg": [139.95149811594203, 35.239362173913044], "Std": [0.09979727537269081, 0.1962063219805345], "InvR": [[1.2176275557163119, -0.5147711226587676], [-0.5147711226587677, 1.2176275557163119]], "name": "\u5185\u623f\u7dda"}