{"Avg": [136.60213105263156, 34.94635105263158], "Std": [0.010804523855037348, 0.01547714848438728], "InvR": [[19.922981689923184, -19.41654494824173], [-19.416544948241725, 19.922981689923187]], "name": "\u5185\u90e8\u7dda"}