{"Avg": [140.7307266666667, 41.77183444444445], "Std": [0.0020670671654941858, 0.0005653437717416617], "InvR": [[9.280852808990305, 8.76660573159036], [8.76660573159036, 9.280852808990307]], "name": "\u51fd\u9928\u5e02_\u5927\u68ee\u7dda"}