{"Avg": [140.71771931506848, 41.76757123287669], "Std": [0.006749885301665975, 0.00287385233565309], "InvR": [[1.013849947721051, 0.11849796948862286], [0.11849796948862286, 1.0138499477210507]], "name": "\u51fd\u9928\u5e02_\u672c\u7dda"}