{"Avg": [140.71913950000004, 41.758512749999994], "Std": [0.0015271001113239193, 0.0032230621988255234], "InvR": [[1.3317643115758497, -0.6647043478203276], [-0.6647043478203277, 1.33176431157585]], "name": "\u51fd\u9928\u5e02_\u5b9d\u6765_\u8c37\u5730\u982d\u7dda"}