{"Avg": [141.01064384919485, 42.74512086389834], "Std": [0.5715194704264557, 0.5802797826601076], "InvR": [[2.7610729748032625, -2.2050965959308164], [-2.205096595930817, 2.7610729748032625]], "name": "\u51fd\u9928\u7dda"}