{"Avg": [140.7629548550725, 41.783016304347846], "Std": [0.017521333507399536, 0.004536925805261508], "InvR": [[1.052070706049383, -0.2340556867026827], [-0.2340556867026827, 1.052070706049383]], "name": "\u51fd\u9928\u5e02_\u6e6f\u306e\u5ddd\u7dda"}