{"Avg": [131.4842575, 33.27462525], "Std": [0.0012922922463605077, 0.00018299914617493063], "InvR": [[467942.79014830105, -467942.29014803394], [-467942.29014803394, 467942.79014830105]], "name": "\u5225\u5e9c\u30e9\u30af\u30c6\u30f3\u30c1\u30b1\u30fc\u30d6\u30eb\u7dda"}