{"Avg": [138.21192870967744, 36.37494612903225], "Std": [0.024575960026784322, 0.015044612941647988], "InvR": [[5.529065605703928, -5.004148365753579], [-5.004148365753579, 5.529065605703928]], "name": "\u5225\u6240\u7dda"}