{"Avg": [134.949435, 34.92644863636364], "Std": [0.05526163861371308, 0.1034472623125364], "InvR": [[12.97407545123826, -12.464050640268796], [-12.464050640268796, 12.97407545123826]], "name": "\u52a0\u53e4\u5ddd\u7dda"}