{"Avg": [135.11901437499998, 34.25659625], "Std": [0.02558510259133986, 0.008114473084403353], "InvR": [[2.1317885381679824, 1.5532977284784786], [1.5532977284784786, 2.1317885381679824]], "name": "\u52a0\u592a\u7dda"}