{"Avg": [139.40866400000002, 35.65469399999999], "Std": [0.003715086001698754, 0.006204735610805478], "InvR": [[21.066231057314628, -20.560152234427953], [-20.560152234427953, 21.066231057314628]], "name": "\u52d5\u7269\u5712\u7dda"}