{"Avg": [136.3490392857143, 36.078674642857145], "Std": [0.0881054086197965, 0.01098729704254044], "InvR": [[1.172745499619202, 0.4500961089121851], [0.4500961089121851, 1.172745499619202]], "name": "\u52dd\u5c71\u6c38\u5e73\u5bfa\u7dda"}