{"Avg": [138.2293861904762, 36.74664761904762], "Std": [0.023777637448460374, 0.06815280484775908], "InvR": [[1.0145204080825154, 0.1213723623128353], [0.1213723623128353, 1.0145204080825156]], "name": "\u5317\u3057\u306a\u306e\u7dda"}