{"Avg": [141.8937158616667, 39.91560940333332], "Std": [0.06228202944849635, 0.17973126089048735], "InvR": [[4.256838635026113, 3.7234173187577118], [3.7234173187577118, 4.256838635026113]], "name": "\u5317\u30ea\u30a2\u30b9\u7dda"}