{"Avg": [140.8347613157895, 39.29627789473683], "Std": [0.18984487945038686, 0.011916383272817957], "InvR": [[1.0230248705352276, -0.15347643206170564], [-0.15347643206170564, 1.0230248705352274]], "name": "\u5317\u4e0a\u7dda"}