{"Avg": [130.87373833333322, 33.844049912280695], "Std": [0.006252839904502069, 0.022473103592517432], "InvR": [[2.8519554851039772, -2.2981937698790076], [-2.2981937698790076, 2.8519554851039772]], "name": "\u5317\u4e5d\u5dde\u9ad8\u901f\u9244\u9053_\u5c0f\u5009\u7dda"}