{"Avg": [135.4960281443299, 34.78327649484536], "Std": [0.0014635406368343922, 0.015616944012552836], "InvR": [[1.722592637671804, 1.115675919651087], [1.115675919651087, 1.722592637671804]], "name": "\u5317\u5927\u962a\u6025\u884c\u96fb\u9244_\u5357\u5317\u7dda"}