{"Avg": [136.6142601034483, 35.080693310344834], "Std": [0.050056622850488404, 0.02769246982684251], "InvR": [[6.116358824605236, 5.594058137588588], [5.594058137588588, 6.116358824605236]], "name": "\u5317\u52e2\u7dda"}