{"Avg": [144.47693809463934, 43.5719018383584], "Std": [0.09266098344834311, 0.336115652517127], "InvR": [[1.0488937841487893, 0.22646056229987993], [0.22646056229987993, 1.0488937841487893]], "name": "\u5317\u6d77\u9053\u65c5\u5ba2\u9244\u9053_\u91e7\u7db2\u7dda"}