{"Avg": [141.59090408963607, 43.28616239495794], "Std": [0.17104006564166013, 0.12351347202858284], "InvR": [[47.22762026967679, -46.72494511572067], [-46.72494511572067, 47.22762026967679]], "name": "\u5317\u6d77\u9053\u65c5\u5ba2\u9244\u9053_\u672d\u6cbc\u7dda"}