{"Avg": [140.57827556538462, 41.246317059999996], "Std": [0.09773536768344111, 0.39147738561945844], "InvR": [[1.177271764148236, 0.45683371429051034], [0.4568337142905104, 1.1772717641482362]], "name": "\u5317\u6d77\u9053\u65b0\u5e79\u7dda"}