{"Avg": [141.09452336749615, 42.60448028794534], "Std": [0.46075347937858785, 0.22316988440749982], "InvR": [[1.6825412861710147, -1.0716360825854074], [-1.0716360825854074, 1.6825412861710152]], "name": "\u5317\u6d77\u9053\u65c5\u5ba2\u9244\u9053_\u5ba4\u862d\u7dda"}