{"Avg": [134.8530946283783, 34.88405952702705], "Std": [0.02735179131931529, 0.020404226007508578], "InvR": [[3.8277744701508998, 3.289997404890785], [3.2899974048907854, 3.8277744701508998]], "name": "\u5317\u6761\u9244\u9053_\u5317\u6761\u7dda"}