{"Avg": [140.87153508686794, 42.7353770694682], "Std": [0.5058702230536629, 0.5231829622085827], "InvR": [[1.9078395691534684, -1.3160593651025867], [-1.316059365102587, 1.9078395691534686]], "name": "\u5317\u6d77\u9053\u65c5\u5ba2\u9244\u9053_\u51fd\u9928\u7dda"}