{"Avg": [143.49360267083853, 43.89782797246561], "Std": [0.5190548701842397, 0.07002594862903312], "InvR": [[1.039088608835094, -0.2015354266022643], [-0.2015354266022643, 1.0390886088350937]], "name": "\u5317\u6d77\u9053\u65c5\u5ba2\u9244\u9053_\u77f3\u5317\u7dda"}