{"Avg": [141.57523259016375, 42.91159509836063], "Std": [0.10086326744582766, 0.12131213319262182], "InvR": [[14.063340050915164, 13.55412089870676], [13.55412089870676, 14.063340050915164]], "name": "\u5317\u6d77\u9053\u65c5\u5ba2\u9244\u9053_\u5343\u6b73\u7dda"}