{"Avg": [142.1053148787806, 44.73073298675334], "Std": [0.2657005782518561, 0.39630664118330217], "InvR": [[6.158731920091168, 5.636598880837511], [5.636598880837511, 6.158731920091168]], "name": "\u5317\u6d77\u9053\u65c5\u5ba2\u9244\u9053_\u5b97\u8c37\u7dda"}