{"Avg": [140.4044355522277, 41.35313771517587], "Std": [0.10827135207041584, 0.2207022106049783], "InvR": [[1.6754465669701126, 1.0638019702001984], [1.0638019702001984, 1.6754465669701128]], "name": "\u5317\u6d77\u9053\u65c5\u5ba2\u9244\u9053_\u6d77\u5ce1\u7dda"}