{"Avg": [134.85297117647062, 34.887880588235305], "Std": [0.02731351203694229, 0.02519991981093464], "InvR": [[3.1932656544915727, 2.646446652714526], [2.646446652714526, 3.1932656544915727]], "name": "\u5317\u6761\u7dda"}