{"Avg": [142.26746757575768, 42.98145172839508], "Std": [0.3515793741301725, 0.08185755889876334], "InvR": [[4.670048708926216, -4.139964520961164], [-4.139964520961164, 4.670048708926216]], "name": "\u5317\u6d77\u9053\u65c5\u5ba2\u9244\u9053_\u77f3\u52dd\u7dda"}