{"Avg": [143.77338758938507, 43.081982976409996], "Std": [1.0770873917582746, 0.19275271518916662], "InvR": [[1.0524601530489628, 0.2349728084414944], [0.2349728084414944, 1.0524601530489628]], "name": "\u5317\u6d77\u9053\u65c5\u5ba2\u9244\u9053_\u6839\u5ba4\u7dda"}