{"Avg": [142.43418552016982, 43.55522140127389], "Std": [0.037649563514035145, 0.11337031600050082], "InvR": [[1.046714264375952, 0.22112550027560887], [0.2211255002756089, 1.046714264375952]], "name": "\u5317\u6d77\u9053\u65c5\u5ba2\u9244\u9053_\u5bcc\u826f\u91ce\u7dda"}