{"Avg": [140.48535305919123, 41.41128029906605], "Std": [0.14567629870840948, 0.3313614883203529], "InvR": [[1.0063451286701106, 0.07990863112299498], [0.07990863112299498, 1.0063451286701106]], "name": "\u5317\u6d77\u9053\u65c5\u5ba2\u9244\u9053_\u5317\u6d77\u9053\u65b0\u5e79\u7dda"}