{"Avg": [132.8750528888889, 35.43856955555554], "Std": [0.08665128893372878, 0.04021715266762885], "InvR": [[5.091585593166883, -4.56428069463061], [-4.56428069463061, 5.091585593166885]], "name": "\u5317\u677e\u6c5f\u7dda"}