{"Avg": [142.3850695795454, 42.34338880681813], "Std": [0.33837282617789916, 0.14955180718129069], "InvR": [[92.44634679269062, 91.94498729415174], [91.94498729415176, 92.4463467926906]], "name": "\u5317\u6d77\u9053\u65c5\u5ba2\u9244\u9053_\u65e5\u9ad8\u7dda"}