{"Avg": [141.8035118739055, 43.859785849387], "Std": [0.10955760991452687, 0.05591940192360753], "InvR": [[9.418301204753703, 8.904274051190885], [8.904274051190885, 9.418301204753702]], "name": "\u5317\u6d77\u9053\u65c5\u5ba2\u9244\u9053_\u7559\u840c\u7dda"}