{"Avg": [140.01443541860473, 35.77855476079736], "Std": [0.10328632648542953, 0.017298428648201802], "InvR": [[11.074026405197799, -10.562198370501298], [-10.562198370501298, 11.074026405197799]], "name": "\u5317\u7dcf\u9244\u9053_\u5317\u7dcf\u7dda"}