{"Avg": [135.1834825, 34.73312], "Std": [0.012186901523767215, 0.028436292831522547], "InvR": [[464.6074882279388, 464.1072188937017], [464.1072188937017, 464.6074882279388]], "name": "\u5317\u795e\u7dda"}