{"Avg": [140.01429293617022, 35.77888746808512], "Std": [0.09677484353074628, 0.015308708660259907], "InvR": [[8.409600887662627, -7.8937814893822225], [-7.8937814893822225, 8.409600887662627]], "name": "\u5317\u7dcf\u7dda"}