{"Avg": [135.17699416666665, 34.737191388888874], "Std": [0.012236546552347195, 0.020145744815769605], "InvR": [[12.612428692328425, 12.10210431399188], [12.10210431399188, 12.612428692328425]], "name": "\u5317\u795e\u6025\u884c\u96fb\u9244_\u5317\u795e\u7dda"}