{"Avg": [138.5513223407917, 37.15443080895002], "Std": [0.2026936883716617, 0.0408897695296211], "InvR": [[8.571294047909413, 8.05579217754641], [8.05579217754641, 8.571294047909413]], "name": "\u5317\u8d8a\u6025\u884c_\u307b\u304f\u307b\u304f\u7dda"}