{"Avg": [135.71221361227273, 35.023017640000006], "Std": [0.009648522965892387, 0.0050535638732218165], "InvR": [[3.288625066109098, -2.7434339356601916], [-2.743433935660192, 3.288625066109098]], "name": "\u5317\u91ce\u7dda"}