{"Avg": [136.645244122807, 36.60804140350877], "Std": [0.00503869236228525, 0.01786778944874102], "InvR": [[8.771068041471045, 8.255941287742036], [8.255941287742038, 8.771068041471043]], "name": "\u5317\u9678\u9244\u9053_\u6d45\u91ce\u5ddd\u7dda"}