{"Avg": [138.2402119853846, 36.57257038846154], "Std": [0.6729016780130173, 0.2792584951757727], "InvR": [[1.342400917519201, 0.677967038901739], [0.677967038901739, 1.3424009175192013]], "name": "\u5317\u9678\u65b0\u5e79\u7dda"}