{"Avg": [136.30829997391314, 36.01570957391304], "Std": [0.15774745758350617, 0.41025173249391883], "InvR": [[2.2940042982191646, -1.7229194473418763], [-1.7229194473418765, 2.294004298219164]], "name": "\u5317\u9678\u7dda"}