{"Avg": [136.6203189778166, 36.51579290882095], "Std": [0.007125041163238079, 0.03237273480288249], "InvR": [[1.9864082935742498, -1.399789132407561], [-1.3997891324075613, 1.9864082935742495]], "name": "\u5317\u9678\u9244\u9053_\u77f3\u5ddd\u7dda"}