{"Avg": [139.03913, 35.12768], "Std": [0.0017165226476804941, 7.071067811597781e-06], "InvR": [[1.0068342189762187, 0.08295134432444903], [0.08295134432444905, 1.0068342189762185]], "name": "\u5341\u56fd\u92fc\u7d22\u7dda"}