{"Avg": [140.15435888888885, 35.56335277777777], "Std": [0.017232086959726153, 0.024121477475836497], "InvR": [[12.74318283884791, 12.232968814865014], [12.232968814865014, 12.74318283884791]], "name": "\u5343\u539f\u7dda"}