{"Avg": [141.5914276470588, 42.8866155882353], "Std": [0.09517593903363789, 0.11454187785904917], "InvR": [[13.251352287029237, 12.741545634181348], [12.741545634181348, 13.251352287029238]], "name": "\u5343\u6b73\u7dda"}