{"Avg": [140.11471267441863, 35.60958139534884], "Std": [0.005710179898689785, 0.0030218591854558534], "InvR": [[1.0878313693019157, -0.30910470513300986], [-0.30910470513300986, 1.0878313693019157]], "name": "\u5343\u8449\u90fd\u5e02\u30e2\u30ce\u30ec\u30fc\u30eb_1\u53f7\u7dda"}