{"Avg": [140.13725908653836, 35.63170485576927], "Std": [0.02445499222732715, 0.009445367605867045], "InvR": [[1.021057002137272, 0.14663014518263684], [0.14663014518263684, 1.021057002137272]], "name": "\u5343\u8449\u90fd\u5e02\u30e2\u30ce\u30ec\u30fc\u30eb_2\u53f7\u7dda"}