{"Avg": [140.07926727272726, 35.64017499999999], "Std": [0.03032381964754265, 0.02582703494578717], "InvR": [[209.24932907933336, 208.74873027415478], [208.74873027415475, 209.24932907933336]], "name": "\u5343\u8449\u7dda"}