{"Avg": [135.51123214285715, 34.76342321428571], "Std": [0.004408074050734043, 0.029723483747652008], "InvR": [[1.0413541563901203, 0.2075194512349591], [0.2075194512349591, 1.0413541563901203]], "name": "\u5343\u91cc\u7dda"}