{"Avg": [141.81403999999998, 39.1364995], "Std": [0.052540749423663144, 0.07432138511054562], "InvR": [[2.703421968743391, -2.1459423040568915], [-2.1459423040568915, 2.703421968743391]], "name": "\u5357\u30ea\u30a2\u30b9\u7dda"}