{"Avg": [140.43157031249999, 39.5620559375], "Std": [1.7889483823554535, 2.796889303956934], "InvR": [[1.9969101107765366, -1.4109358170182735], [-1.4109358170182735, 1.9969101107765366]], "name": "\u5357\u5317\u7dda"}