{"Avg": [135.6312578125, 34.5561253125], "Std": [0.08837058428623051, 0.04575178893253589], "InvR": [[9.697588148890363, 9.18398757384876], [9.18398757384876, 9.697588148890363]], "name": "\u5357\u5927\u962a\u7dda"}