{"Avg": [135.3669878125, 34.48052683333333], "Std": [0.11844518646687721, 0.12106297468790646], "InvR": [[22.32187525652918, -21.81614630752921], [-21.81614630752921, 22.32187525652918]], "name": "\u5357\u6d77\u672c\u7dda"}