{"Avg": [135.27983313131318, 34.423829393939386], "Std": [0.02483476138445962, 0.013670957332248677], "InvR": [[10.57795749240631, 10.065546543469384], [10.065546543469384, 10.57795749240631]], "name": "\u5357\u6d77\u96fb\u6c17\u9244\u9053_\u7a7a\u6e2f\u7dda"}