{"Avg": [135.30013867112834, 34.41843666539205], "Std": [0.13230072217916639, 0.12489273691308636], "InvR": [[28.649751759357443, -28.145310872567165], [-28.145310872567165, 28.649751759357443]], "name": "\u5357\u6d77\u96fb\u6c17\u9244\u9053_\u5357\u6d77\u672c\u7dda"}