{"Avg": [139.58573610599998, 35.60201739492307], "Std": [0.09677240990117034, 0.05818381478440514], "InvR": [[29.716335024711974, 29.212056282915306], [29.212056282915306, 29.716335024711974]], "name": "\u5357\u6b66\u7dda"}