{"Avg": [135.55463404867265, 34.41716587758109], "Std": [0.041893178900649176, 0.14090920813596322], "InvR": [[2.1245812435341187, 1.5457244957762892], [1.545724495776289, 2.1245812435341183]], "name": "\u5357\u6d77\u96fb\u6c17\u9244\u9053_\u9ad8\u91ce\u7dda"}