{"Avg": [135.57971874999998, 34.230460625], "Std": [0.0014447788541851326, 0.002150803538068919], "InvR": [[30.324474834262332, -29.820283351094222], [-29.820283351094222, 30.324474834262332]], "name": "\u5357\u6d77\u96fb\u6c17\u9244\u9053_\u92fc\u7d22\u7dda"}