{"Avg": [135.1574037142857, 34.226927999999994], "Std": [0.006230429971734112, 0.006105624011632647], "InvR": [[15.649064932244137, -15.14081134950664], [-15.14081134950664, 15.649064932244137]], "name": "\u5357\u6d77\u96fb\u6c17\u9244\u9053_\u548c\u6b4c\u5c71\u6e2f\u7dda"}