{"Avg": [135.11985571428573, 34.258298857142854], "Std": [0.029302883381841418, 0.008021311175836286], "InvR": [[2.3557192653702854, 1.787090929937935], [1.787090929937935, 2.355719265370286]], "name": "\u5357\u6d77\u96fb\u6c17\u9244\u9053_\u52a0\u592a\u7dda"}