{"Avg": [135.43374428571428, 34.62468904761904], "Std": [0.01869794935825921, 0.011554410786222626], "InvR": [[7.210514232240693, 6.691860822006454], [6.691860822006454, 7.210514232240693]], "name": "\u5357\u6e2f\u30dd\u30fc\u30c8\u30bf\u30a6\u30f3\u7dda"}