{"Avg": [135.43671631578945, 34.52942578947369], "Std": [0.0028856363168130194, 0.0016464341557935775], "InvR": [[2.3542675110865763, -1.7855833788068276], [-1.7855833788068276, 2.3542675110865767]], "name": "\u5357\u6d77\u96fb\u6c17\u9244\u9053_\u9ad8\u5e2b\u6d5c\u7dda"}