{"Avg": [135.15211068965516, 34.31976568965518], "Std": [0.006949578221401429, 0.002206991330130599], "InvR": [[4.611124553742282, -4.080605971713353], [-4.080605971713353, 4.6111245537422825]], "name": "\u5357\u6d77\u96fb\u6c17\u9244\u9053_\u591a\u5948\u5ddd\u7dda"}