{"Avg": [131.0357516440128, 32.84233845954694], "Std": [0.04546186699555122, 0.018900505331573156], "InvR": [[11.041282614886992, 10.52941779809875], [10.52941779809875, 11.041282614886992]], "name": "\u5357\u963f\u8607\u9244\u9053_\u9ad8\u68ee\u7dda"}