{"Avg": [130.42903, 33.5537675], "Std": [0.007856624593303548, 0.0358336241364157], "InvR": [[501.27105359292113, 500.7708039777922], [500.7708039777922, 501.27105359292125]], "name": "\u535a\u591a\u5357\u7dda"}