{"Avg": [136.71895200000003, 34.49793533333333], "Std": [0.07728910455339992, 0.00719788150932097], "InvR": [[1.1583422729489543, 0.42826924749694], [0.42826924749693995, 1.1583422729489543]], "name": "\u53c2\u5bae\u7dda"}