{"Avg": [135.77017823008862, 35.0891438495575], "Std": [0.009958221687042771, 0.015969659140289107], "InvR": [[2.0657816896602377, 1.483803322437064], [1.4838033224370637, 2.065781689660238]], "name": "\u53e1\u5c71\u96fb\u9244_\u978d\u99ac\u7dda"}