{"Avg": [135.78933, 35.0480375], "Std": [0.009704660607147737, 0.0121026709345502], "InvR": [[8.024532816740397, -7.507902111122863], [-7.507902111122863, 8.024532816740395]], "name": "\u53e1\u5c71\u672c\u7dda"}