{"Avg": [135.78958220930232, 35.04887953488372], "Std": [0.009091822853166273, 0.011841374734278806], "InvR": [[8.369531260652181, -7.8536311514090045], [-7.8536311514090045, 8.369531260652183]], "name": "\u53e1\u5c71\u96fb\u9244_\u53e1\u5c71\u672c\u7dda"}