{"Avg": [139.55647390804597, 37.44852206896552], "Std": [0.3056234455122777, 0.08720835956104529], "InvR": [[6.556364803420091, -6.035690070911998], [-6.035690070911998, 6.556364803420091]], "name": "\u53ea\u898b\u7dda"}