{"Avg": [132.48022967272726, 34.46798472212121], "Std": [0.022060414610865664, 0.034284555842141615], "InvR": [[10.775831150300455, -10.263659475522617], [-10.263659475522617, 10.775831150300458]], "name": "\u53ef\u90e8\u7dda"}