{"Avg": [136.84933902439025, 35.40155878048781], "Std": [0.05676773301131083, 0.0035680036059821244], "InvR": [[1.2092762548251974, 0.5030634211099615], [0.5030634211099615, 1.2092762548251974]], "name": "\u5404\u52d9\u539f\u7dda"}