{"Avg": [133.83304, 34.67785074074074], "Std": [0.05978903696114288, 0.010969255663976036], "InvR": [[1.8170005771334852, 1.218396700656208], [1.218396700656208, 1.8170005771334852]], "name": "\u5409\u5099\u7dda"}