{"Avg": [130.94678911764709, 31.93008676470588], "Std": [0.11962869189994565, 0.10409273506097351], "InvR": [[3.6525425128770173, 3.1126394419362065], [3.1126394419362065, 3.6525425128770173]], "name": "\u5409\u90fd\u7dda"}