{"Avg": [135.7916671428571, 34.419633142857144], "Std": [0.03308281708262562, 0.033527245361809926], "InvR": [[1.0660850720993327, 0.2654285381297698], [0.2654285381297698, 1.0660850720993327]], "name": "\u5409\u91ce\u7dda"}