{"Avg": [136.9453325519714, 35.12610031182795], "Std": [0.03167355944604298, 0.03012652030815482], "InvR": [[3.147225124894814, 2.5995770544214234], [2.5995770544214234, 3.147225124894814]], "name": "\u540d\u53e4\u5c4b\u5e02_6\u53f7\u7dda\u685c\u901a\u7dda"}