{"Avg": [136.9397072390572, 35.15341686868685], "Std": [0.04078419397142893, 0.026111034497279365], "InvR": [[4.412485444978837, 3.8804049218053587], [3.880404921805359, 4.412485444978838]], "name": "\u540d\u53e4\u5c4b\u5e02_3\u53f7\u7dda\u9db4\u821e\u7dda"}