{"Avg": [136.94081544715453, 35.14074069105689], "Std": [0.024352464917627707, 0.022893328934102855], "InvR": [[1.3300133654710846, -0.6625120277101665], [-0.6625120277101665, 1.3300133654710846]], "name": "\u540d\u53e4\u5c4b\u5e02_4\u53f7\u7dda\u540d\u57ce\u7dda"}