{"Avg": [136.64122666990286, 34.93550932038834], "Std": [0.11151745306769936, 0.15377172567034286], "InvR": [[8.920893327088237, -8.406036189917291], [-8.406036189917291, 8.920893327088239]], "name": "\u540d\u53e4\u5c4b\u7dda"}