{"Avg": [136.84494994764393, 35.40228701570681], "Std": [0.0578766099975982, 0.003997355407803649], "InvR": [[1.391027566090554, 0.7375161852686736], [0.7375161852686736, 1.391027566090554]], "name": "\u540d\u53e4\u5c4b\u9244\u9053_\u5404\u52d9\u539f\u7dda"}