{"Avg": [136.86509948205125, 35.12239306153848], "Std": [0.008755803267837125, 0.03516332782093281], "InvR": [[2.2384277792481218, -1.6649718146748185], [-1.6649718146748185, 2.2384277792481226]], "name": "\u540d\u53e4\u5c4b\u81e8\u6d77\u9ad8\u901f\u9244\u9053_\u897f\u540d\u53e4\u5c4b\u6e2f\u7dda"}