{"Avg": [136.72944346153855, 35.34671396153848], "Std": [0.01972345343206917, 0.018723293026124493], "InvR": [[10.403105879765537, -9.890475522736343], [-9.890475522736343, 10.403105879765537]], "name": "\u540d\u53e4\u5c4b\u9244\u9053_\u7af9\u9f3b\u7dda"}