{"Avg": [136.95996891304347, 35.20271782608694], "Std": [0.011259985178045787, 0.010259175019742082], "InvR": [[3.4311236097342976, -2.8881630174804567], [-2.888163017480457, 3.4311236097342976]], "name": "\u540d\u53e4\u5c4b\u30ac\u30a4\u30c9\u30a6\u30a7\u30a4\u30d0\u30b9_\u30ac\u30a4\u30c9\u30a6\u30a7\u30a4\u30d0\u30b9\u5fd7\u6bb5\u5473\u7dda"}