{"Avg": [136.87447508130086, 34.7917762601626], "Std": [0.01792186840900852, 0.028689026694544255], "InvR": [[2.036825972272423, -1.4532150801072352], [-1.453215080107235, 2.036825972272423]], "name": "\u540d\u53e4\u5c4b\u9244\u9053_\u77e5\u591a\u65b0\u7dda"}