{"Avg": [136.89400662068962, 35.30729424137928], "Std": [0.02960588372838878, 0.0631905928966598], "InvR": [[2.782953950634551, -2.22752749494095], [-2.2275274949409503, 2.782953950634551]], "name": "\u540d\u53e4\u5c4b\u9244\u9053_\u72ac\u5c71\u7dda"}