{"Avg": [137.07245151162778, 35.01306601328907], "Std": [0.07407147101827581, 0.06955414943080683], "InvR": [[9.545263663765406, -9.031433703849837], [-9.031433703849837, 9.545263663765407]], "name": "\u540d\u53e4\u5c4b\u9244\u9053_\u4e09\u6cb3\u7dda"}