{"Avg": [136.8700693117409, 35.003523785425116], "Std": [0.03622768997022748, 0.07052797720383086], "InvR": [[10.03973059571149, -9.526618489199297], [-9.526618489199297, 10.03973059571149]], "name": "\u540d\u53e4\u5c4b\u9244\u9053_\u5e38\u6ed1\u7dda"}