{"Avg": [137.16554131372544, 34.80052933333335], "Std": [0.03753225956270133, 0.015033531421676453], "InvR": [[1.9057443079495613, -1.313817742052752], [-1.313817742052752, 1.9057443079495617]], "name": "\u540d\u53e4\u5c4b\u9244\u9053_\u84b2\u90e1\u7dda"}