{"Avg": [136.907745, 35.09075409090909], "Std": [0.005123692516145234, 0.0014155264330435655], "InvR": [[4.813995843227802, -4.284922418829394], [-4.284922418829394, 4.813995843227801]], "name": "\u540d\u53e4\u5c4b\u9244\u9053_\u7bc9\u6e2f\u7dda"}