{"Avg": [137.10163875370924, 35.11966620178043], "Std": [0.047105388701693104, 0.007275160197544602], "InvR": [[1.2296323262412732, 0.5313787081698432], [0.5313787081698432, 1.2296323262412732]], "name": "\u540d\u53e4\u5c4b\u9244\u9053_\u8c4a\u7530\u7dda"}