{"Avg": [136.89001723684214, 35.12126526315788], "Std": [0.006062766130607351, 0.015171567111374965], "InvR": [[11.920550072223692, -11.409599640310283], [-11.409599640310285, 11.92055007222369]], "name": "\u540d\u53e4\u5c4b\u5e02_2\u53f7\u7dda\u540d\u6e2f\u7dda"}