{"Avg": [136.90937678571433, 35.174048125000006], "Std": [0.0077255580258791265, 0.018098389950650204], "InvR": [[1.3551227228020177, -0.6937109420013039], [-0.6937109420013039, 1.3551227228020177]], "name": "\u540d\u53e4\u5c4b\u5e02_2\u53f7\u7dda\u540d\u57ce\u7dda"}