{"Avg": [136.93155800664454, 35.167269734219246], "Std": [0.05776958197881191, 0.008077252126974683], "InvR": [[1.194345599281258, -0.48178398815366336], [-0.4817839881536633, 1.194345599281258]], "name": "\u540d\u53e4\u5c4b\u5e02_1\u53f7\u7dda\u6771\u5c71\u7dda"}