{"Avg": [137.0379968016195, 35.41513955465586], "Std": [0.051165572448087594, 0.020055956100502995], "InvR": [[5.465338338260533, -4.940099676464016], [-4.940099676464016, 5.465338338260534]], "name": "\u540d\u53e4\u5c4b\u9244\u9053_\u5e83\u898b\u7dda"}