{"Avg": [136.8273055319149, 34.878000000000014], "Std": [0.008766174548024435, 0.009306622441927571], "InvR": [[9.877135596501006, -9.363795811270464], [-9.363795811270464, 9.877135596501006]], "name": "\u540d\u53e4\u5c4b\u9244\u9053_\u7a7a\u6e2f\u7dda"}