{"Avg": [136.99430224422437, 35.20503115511547], "Std": [0.059438335521925394, 0.014294859711702454], "InvR": [[29.143728705934425, -28.63936441646657], [-28.63936441646657, 29.143728705934418]], "name": "\u540d\u53e4\u5c4b\u9244\u9053_\u702c\u6238\u7dda"}