{"Avg": [137.0416444912062, 35.05299770100504], "Std": [0.19621034028637188, 0.17317487284582286], "InvR": [[19.54127744444389, 19.034711626822393], [19.034711626822393, 19.54127744444389]], "name": "\u540d\u53e4\u5c4b\u9244\u9053_\u540d\u53e4\u5c4b\u672c\u7dda"}