{"Avg": [136.91416593984962, 34.88888957393483], "Std": [0.008667113140016095, 0.07666282161264976], "InvR": [[1.2672696183401344, 0.5819816725875612], [0.5819816725875612, 1.2672696183401344]], "name": "\u540d\u53e4\u5c4b\u9244\u9053_\u6cb3\u548c\u7dda"}