{"Avg": [137.07350949029123, 34.89153759708733], "Std": [0.014755007574603522, 0.05489453251288822], "InvR": [[2.4378058029816656, -1.8721889140974577], [-1.8721889140974577, 2.4378058029816656]], "name": "\u540d\u53e4\u5c4b\u9244\u9053_\u897f\u5c3e\u7dda"}