{"Avg": [136.77971371900824, 35.19367512396695], "Std": [0.039327154627911545, 0.005844078746012619], "InvR": [[1.863086807408247, -1.2680716243692263], [-1.2680716243692263, 1.8630868074082476]], "name": "\u540d\u53e4\u5c4b\u9244\u9053_\u6d25\u5cf6\u7dda"}