{"Avg": [136.93746197321434, 35.28463738392857], "Std": [0.007911324064004757, 0.04943064137438392], "InvR": [[1.8517827143534855, -1.2559126191040828], [-1.2559126191040828, 1.8517827143534855]], "name": "\u540d\u53e4\u5c4b\u9244\u9053_\u5c0f\u7267\u7dda"}