{"Avg": [137.36467392307696, 34.8256303076923], "Std": [0.02024336896164072, 0.0051834593347065226], "InvR": [[14.022307173633793, 13.513060027177707], [13.513060027177707, 14.022307173633793]], "name": "\u540d\u53e4\u5c4b\u9244\u9053_\u8c4a\u5ddd\u7dda"}