{"Avg": [136.929715, 35.199931666666664], "Std": [4.0311288745474905e-05, 0.003492851827504168], "InvR": [[7.902647433453653, 7.385742279826583], [7.385742279826583, 7.902647433453654]], "name": "\u540d\u53e4\u5c4b\u5e02_\u4e0a\u98ef\u7530\u7dda"}