{"Avg": [136.69358970588232, 35.31393764705882], "Std": [0.004275391612813562, 0.0007637756785844631], "InvR": [[1.0015425470427874, -0.039305552968589154], [-0.039305552968589154, 1.0015425470427874]], "name": "\u540d\u53e4\u5c4b\u9244\u9053_\u7fbd\u5cf6\u7dda"}