{"Avg": [136.74786953405018, 35.24088844086025], "Std": [0.024721876896261815, 0.06641332699666701], "InvR": [[3.6147167629993104, -3.0743227731825593], [-3.0743227731825593, 3.6147167629993104]], "name": "\u540d\u53e4\u5c4b\u9244\u9053_\u5c3e\u897f\u7dda"}