{"Avg": [136.99192748251747, 35.096502937062944], "Std": [0.19165513564795414, 0.1744778603056224], "InvR": [[16.092911857131366, 15.584893332463587], [15.584893332463587, 16.092911857131366]], "name": "\u540d\u53e4\u5c4b\u672c\u7dda"}