{"Avg": [136.38324124999997, 34.6030771875], "Std": [0.09447513114406195, 0.04342559104623513], "InvR": [[1.1497225540421334, -0.41489685131491766], [-0.4148968513149176, 1.1497225540421334]], "name": "\u540d\u677e\u7dda"}