{"Avg": [138.77762924553195, 36.54610496702129], "Std": [0.15655562496974357, 0.019477823531854774], "InvR": [[1.0047624537553361, -0.06917466820381438], [-0.06917466820381438, 1.0047624537553361]], "name": "\u543e\u59bb\u7dda"}