{"Avg": [137.19629666666668, 36.69542666666666], "Std": [0.004675056743570926, 0.002629744389775569], "InvR": [[13.137188434377439, 12.627293119507558], [12.627293119507558, 13.137188434377439]], "name": "\u5449\u7fbd\u7dda"}