{"Avg": [132.7067619999999, 34.30036352380953], "Std": [0.18605361135922602, 0.04179157155811533], "InvR": [[1.480451321555087, -0.8433770176730669], [-0.8433770176730669, 1.4804513215550872]], "name": "\u5449\u7dda"}