{"Avg": [135.53579735135133, 34.353460297297296], "Std": [0.18007506898463793, 0.11087410759124448], "InvR": [[3.1373074829977354, -2.589476927851616], [-2.5894769278516168, 3.137307482997734]], "name": "\u548c\u6b4c\u5c71\u7dda"}