{"Avg": [135.24642567307689, 34.210998894230784], "Std": [0.03947917197383089, 0.008497697891214519], "InvR": [[1.3248402366119965, 0.6560193716149961], [0.6560193716149961, 1.3248402366119965]], "name": "\u548c\u6b4c\u5c71\u96fb\u9435_\u8cb4\u5fd7\u5ddd\u7dda"}