{"Avg": [135.1559325, 34.22666], "Std": [0.009454880684071952, 0.009383671989152423], "InvR": [[3197.6433296975633, -3197.1432906001605], [-3197.14329060016, 3197.643329697563]], "name": "\u548c\u6b4c\u5c71\u6e2f\u7dda"}