{"Avg": [130.54310142857145, 31.572616190476186], "Std": [0.002476193864468818, 0.006549307107073816], "InvR": [[1.2382535839914168, 0.5431559207779768], [0.5431559207779769, 1.238253583991417]], "name": "\u5510\u6e4a\u7dda"}