{"Avg": [130.0542217857143, 33.35280571428572], "Std": [0.08588014380741674, 0.06797783159806993], "InvR": [[5.672408656043624, 5.148185243861666], [5.148185243861666, 5.672408656043623]], "name": "\u5510\u6d25\u7dda"}