{"Avg": [132.83520461386138, 33.215121023102334], "Std": [0.15672042764791252, 0.03528926638029655], "InvR": [[3.1580495717827457, 2.610599074169459], [2.610599074169459, 3.1580495717827457]], "name": "\u56db\u56fd\u65c5\u5ba2\u9244\u9053_\u4e88\u571f\u7dda"}