{"Avg": [133.54691547443062, 33.67885168515097], "Std": [0.24560987552987415, 0.29669743771773516], "InvR": [[7.159002110853485, -6.6402039962904125], [-6.6402039962904125, 7.159002110853485]], "name": "\u56db\u56fd\u65c5\u5ba2\u9244\u9053_\u571f\u8b83\u7dda"}