{"Avg": [133.8142470786518, 34.391446179775286], "Std": [0.008786024359741976, 0.050863302525817694], "InvR": [[3.539843026681679, 2.9984405324877184], [2.998440532487718, 3.539843026681679]], "name": "\u56db\u56fd\u65c5\u5ba2\u9244\u9053_\u672c\u56db\u5099\u8b83\u7dda"}