{"Avg": [132.62481579999994, 33.5365517], "Std": [0.013892352801451922, 0.004767803908509872], "InvR": [[2.860241924043362, -2.30667334922219], [-2.30667334922219, 2.860241924043363]], "name": "\u56db\u56fd\u65c5\u5ba2\u9244\u9053_\u5185\u5b50\u7dda"}