{"Avg": [134.13674625000002, 34.356593749999995], "Std": [0.0024273027082558447, 0.0011613132383199508], "InvR": [[706.8351080886453, -706.3349311187989], [-706.3349311187989, 706.8351080886455]], "name": "\u56db\u56fd\u30b1\u30fc\u30d6\u30eb_\u516b\u6817\u30b1\u30fc\u30d6\u30eb"}