{"Avg": [134.56995053691267, 34.165432953020144], "Std": [0.024896941020835738, 0.006727389224381011], "InvR": [[59.441078612128194, -58.93895781196912], [-58.93895781196912, 59.441078612128194]], "name": "\u56db\u56fd\u65c5\u5ba2\u9244\u9053_\u9cf4\u9580\u7dda"}