{"Avg": [134.3190933037475, 34.239380098619336], "Std": [0.15561053789438434, 0.07629133910010055], "InvR": [[12.695021016664182, 12.184766620534065], [12.184766620534065, 12.695021016664185]], "name": "\u56db\u56fd\u65c5\u5ba2\u9244\u9053_\u9ad8\u5fb3\u7dda"}