{"Avg": [134.5313640849959, 33.806441101474405], "Std": [0.09158028356179661, 0.13061108929403772], "InvR": [[2.3342158659276846, -1.7647514960528712], [-1.7647514960528712, 2.334215865927685]], "name": "\u56db\u56fd\u65c5\u5ba2\u9244\u9053_\u725f\u5c90\u7dda"}