{"Avg": [132.96751467518442, 33.83185328930277], "Std": [0.47123009506256375, 0.29241911325223263], "InvR": [[3.701349815464014, -3.1620627193291844], [-3.1620627193291844, 3.701349815464014]], "name": "\u56db\u56fd\u65c5\u5ba2\u9244\u9053_\u4e88\u8b83\u7dda"}