{"Avg": [134.1605084777226, 34.05236121287129], "Std": [0.19171856689845732, 0.015237905210760176], "InvR": [[15.387091892628247, -14.878692987610089], [-14.878692987610089, 15.387091892628243]], "name": "\u56db\u56fd\u65c5\u5ba2\u9244\u9053_\u5fb3\u5cf6\u7dda"}