{"Avg": [136.599596875, 34.9551375], "Std": [0.004757898326401466, 0.0010656717365124199], "InvR": [[4.849062507180609, -4.320225074155753], [-4.320225074155753, 4.849062507180609]], "name": "\u56db\u65e5\u5e02\u3042\u3059\u306a\u308d\u3046\u9244\u9053_\u516b\u738b\u5b50\u7dda"}