{"Avg": [136.60250181034485, 34.94774491379309], "Std": [0.008364615600040764, 0.012651268336013311], "InvR": [[9.566796397600019, -9.052999332571094], [-9.052999332571094, 9.566796397600019]], "name": "\u56db\u65e5\u5e02\u3042\u3059\u306a\u308d\u3046\u9244\u9053_\u5185\u90e8\u7dda"}