{"Avg": [134.1626570212766, 35.263567446808516], "Std": [0.0754755858769403, 0.12304637647527104], "InvR": [[3.6332284692766397, -3.0930762423008], [-3.0930762423007994, 3.6332284692766397]], "name": "\u56e0\u7f8e\u7dda"}