{"Avg": [139.47010769230772, 35.72034153846154], "Std": [0.008400265704446087, 0.02140180540412873], "InvR": [[1.7973713257862407, 1.197151768562511], [1.1971517685625113, 1.7973713257862407]], "name": "\u56fd\u5206\u5bfa\u7dda"}