{"Avg": [135.52909769230772, 34.82730615384616], "Std": [0.0050409754151451575, 0.01610111918635551], "InvR": [[2.723728954344296, 2.166788052022896], [2.166788052022896, 2.7237289543442964]], "name": "\u56fd\u969b\u6587\u5316\u516c\u5712\u90fd\u5e02\u30e2\u30ce\u30ec\u30fc\u30eb\u7dda\uff08\u5f69\u90fd\u7dda\uff09"}