{"Avg": [132.8322936458333, 32.96204458333332], "Std": [0.0672731939627073, 0.018724972736777368], "InvR": [[24.2711993811341, -23.765940335228272], [-23.765940335228272, 24.271199381134096]], "name": "\u571f\u4f50\u304f\u308d\u3057\u304a\u9244\u9053_\u5bbf\u6bdb\u7dda"}