{"Avg": [133.82104388400703, 33.51276275922668], "Std": [0.1214698301286682, 0.046360831423494925], "InvR": [[20.889463478983853, 20.383331939622046], [20.383331939622046, 20.889463478983853]], "name": "\u571f\u4f50\u304f\u308d\u3057\u304a\u9244\u9053_\u963f\u4f50\u7dda"}