{"Avg": [133.07703593525196, 33.094700947242195], "Std": [0.049748409486409885, 0.06547807538449173], "InvR": [[2.8240195799106216, -2.269596221315135], [-2.2695962213151355, 2.824019579910621]], "name": "\u571f\u4f50\u304f\u308d\u3057\u304a\u9244\u9053_\u4e2d\u6751\u7dda"}