{"Avg": [133.539852406015, 33.662959022556365], "Std": [0.2181665643429772, 0.27001170392863183], "InvR": [[5.031454527988959, -4.5037850902581535], [-4.5037850902581535, 5.031454527988959]], "name": "\u571f\u8b83\u7dda"}