{"Avg": [132.7725104166667, 33.84412833333334], "Std": [0.008237801830167799, 0.0036660829080762763], "InvR": [[4.845301020278212, -4.316438457435815], [-4.316438457435815, 4.845301020278214]], "name": "\u57ce\u5357\u7dda"}