{"Avg": [134.9306563157895, 34.56926289473683], "Std": [2.0559621450647043, 0.6823135920331647], "InvR": [[13673.347549221195, -13672.847540078988], [-13672.847540078988, 13673.347549221195]], "name": "\u57ce\u5317\u7dda"}