{"Avg": [136.95108138705876, 36.63528260617647], "Std": [0.04687084208621882, 0.06996993873768782], "InvR": [[22.04484844929195, -21.539045816910225], [-21.539045816910225, 22.04484844929195]], "name": "\u57ce\u7aef\u7dda"}