{"Avg": [139.73658128571432, 35.83616461904761], "Std": [0.009308122861462906, 0.03195029915796481], "InvR": [[1.8094919118825414, -1.2102764425063366], [-1.2102764425063364, 1.8094919118825414]], "name": "\u57fc\u7389\u9ad8\u901f\u9244\u9053_\u57fc\u7389\u9ad8\u901f\u9244\u9053\u7dda"}