{"Avg": [139.73559352941177, 35.83558705882353], "Std": [0.009061643755039999, 0.03548397397412657], "InvR": [[1.3060212612116389, -0.6321948066262495], [-0.6321948066262495, 1.3060212612116389]], "name": "\u57fc\u7389\u9ad8\u901f\u9244\u9053\u7dda"}