{"Avg": [139.61777197969536, 35.97137939086294], "Std": [0.006821063647171784, 0.032451075203488194], "InvR": [[1.2493208673039564, 0.5581055116885637], [0.5581055116885637, 1.2493208673039566]], "name": "\u57fc\u7389\u65b0\u90fd\u5e02\u4ea4\u901a_\u4f0a\u5948\u7dda"}