{"Avg": [133.27871448484848, 35.48169406060606], "Std": [0.043741736205252145, 0.03991791500744663], "InvR": [[28.103349802152447, 27.598820994745225], [27.59882099474522, 28.103349802152454]], "name": "\u5883\u7dda"}