{"Avg": [140.27128445945945, 35.39717891891892], "Std": [0.09095662554269225, 0.1707294808894387], "InvR": [[1.068641361039991, 0.27083758506790223], [0.27083758506790223, 1.0686413610399907]], "name": "\u5916\u623f\u7dda"}