{"Avg": [135.15073545454544, 34.3204390909091], "Std": [0.009952831815966736, 0.0032859161018050694], "InvR": [[24.454716025159584, -23.949497277522077], [-23.949497277522077, 24.454716025159584]], "name": "\u591a\u5948\u5ddd\u7dda"}