{"Avg": [139.51433083333333, 35.675559166666666], "Std": [0.018065545225800003, 0.018011743140857434], "InvR": [[12.389482020734263, -11.878963874065924], [-11.878963874065924, 12.389482020734263]], "name": "\u591a\u6469\u5ddd\u7dda"}