{"Avg": [139.41489128205123, 35.686360769230774], "Std": [0.004799260722710937, 0.03797865860802208], "InvR": [[1.0120766353889554, -0.11055532782852766], [-0.11055532782852766, 1.0120766353889554]], "name": "\u591a\u6469\u90fd\u5e02\u30e2\u30ce\u30ec\u30fc\u30eb\u7dda"}