{"Avg": [139.41349793103444, 35.675688103448294], "Std": [0.005720372774994741, 0.034021477712078134], "InvR": [[1.0378314012375156, -0.19814796531155587], [-0.1981479653115559, 1.0378314012375156]], "name": "\u591a\u6469\u90fd\u5e02\u30e2\u30ce\u30ec\u30fc\u30eb_\u591a\u6469\u90fd\u5e02\u30e2\u30ce\u30ec\u30fc\u30eb\u7dda"}