{"Avg": [139.4697968421053, 35.73204315789474], "Std": [0.014060284137514041, 0.021884328700220255], "InvR": [[2.5849055039116187, 2.024062983269286], [2.024062983269286, 2.584905503911619]], "name": "\u591a\u6469\u6e56\u7dda"}