{"Avg": [139.46235727272725, 35.615824545454544], "Std": [0.02685404983539923, 0.009539625839467127], "InvR": [[2.0945587864106554, 1.5141392681386423], [1.514139268138642, 2.094558786410656]], "name": "\u591a\u6469\u7dda"}