{"Avg": [136.27267444444445, 35.23126555555555], "Std": [0.010488763417332342, 0.0044768717031997765], "InvR": [[513.6129231197224, 513.1126795085717], [513.1126795085717, 513.6129231197224]], "name": "\u591a\u8cc0\u7dda"}