{"Avg": [138.16744252587995, 35.16811756728772], "Std": [0.026438430758067358, 0.02942466916147127], "InvR": [[5.93523166079752, -5.4121846981173665], [-5.4121846981173665, 5.935231660797521]], "name": "\u5927\u4e95\u5ddd\u9435\u9053_\u4e95\u5ddd\u7dda"}