{"Avg": [138.10135318791953, 34.97296595078296], "Std": [0.01712914402951727, 0.08627413872598406], "InvR": [[1.0003710940981836, 0.01926737680675212], [0.01926737680675212, 1.0003710940981838]], "name": "\u5927\u4e95\u5ddd\u9435\u9053_\u5927\u4e95\u5ddd\u672c\u7dda"}