{"Avg": [138.10530931818187, 34.95324454545454], "Std": [0.01887908563821806, 0.09442550737473035], "InvR": [[1.0136939166174057, 0.11781952287176298], [0.11781952287176298, 1.0136939166174055]], "name": "\u5927\u4e95\u5ddd\u672c\u7dda"}