{"Avg": [139.67271341463413, 35.608325365853666], "Std": [0.0372601157722929, 0.0025624246307164407], "InvR": [[1.798856651752412, 1.1987612780706118], [1.1987612780706118, 1.7988566517524123]], "name": "\u5927\u4e95\u753a\u7dda"}