{"Avg": [139.24152529411765, 35.42951176470588], "Std": [0.0024001669492131825, 0.001366637071724612], "InvR": [[832.2206599141334, 831.7205096232758], [831.7205096232758, 832.2206599141334]], "name": "\u5927\u5c71\u89b3\u5149\u96fb\u9244_\u5927\u5c71\u92fc\u7d22\u7dda"}