{"Avg": [139.24102428571427, 35.42982285714286], "Std": [0.0026220485837455164, 0.001480122719677475], "InvR": [[855.0828884605943, 854.5827421903934], [854.5827421903933, 855.0828884605941]], "name": "\u5927\u5c71\u92fc\u7d22\u7dda"}