{"Avg": [139.739395, 35.58925444444444], "Std": [0.028294969959341852, 0.10095638658033469], "InvR": [[4.546316664244461, -4.015305535988815], [-4.015305535988815, 4.546316664244461]], "name": "\u5927\u5e2b\u7dda"}