{"Avg": [138.87427545454545, 35.542676666666665], "Std": [0.05161396270395822, 0.039014107756559245], "InvR": [[13.164861208887704, -12.65498753220992], [-12.65498753220992, 13.164861208887707]], "name": "\u5927\u6708\u7dda"}