{"Avg": [132.754702, 33.842446], "Std": [0.002113072644274317, 0.002643256325065137], "InvR": [[1.0561030890519711, 0.24341455513823454], [0.24341455513823454, 1.0561030890519711]], "name": "\u5927\u624b\u753a\u7dda"}