{"Avg": [141.20950636363634, 41.10293454545455], "Std": [0.05281495849967484, 0.15761631294574777], "InvR": [[1.2485387866077138, -0.557055037726209], [-0.5570550377262091, 1.2485387866077136]], "name": "\u5927\u6e4a\u7dda"}