{"Avg": [129.8965424137931, 33.01172379310345], "Std": [0.07989012630094257, 0.0894917842660967], "InvR": [[10.509957934683923, 9.99746257077973], [9.99746257077973, 10.509957934683923]], "name": "\u5927\u6751\u7dda"}