{"Avg": [140.7306425, 41.771855], "Std": [0.0026773996246384347, 0.0004977198006904354], "InvR": [[5.259500217622228, 4.7331640919733635], [4.7331640919733635, 5.259500217622229]], "name": "\u5927\u68ee\u7dda"}