{"Avg": [129.87217645454547, 32.738184181818184], "Std": [0.001493827138812194, 0.0029002160991013653], "InvR": [[1.972607848640897, -1.3851259422445206], [-1.3851259422445206, 1.9726078486408969]], "name": "\u5927\u6d66\u652f\u7dda"}