{"Avg": [140.5545554545454, 36.18898666666667], "Std": [0.04815216588419074, 0.1305074115314778], "InvR": [[2.9159603705316113, 2.3636549054333713], [2.3636549054333713, 2.9159603705316113]], "name": "\u5927\u6d17\u9e7f\u5cf6\u7dda"}