{"Avg": [137.88393424778764, 36.553843008849555], "Std": [0.03321745925948179, 0.23750779311996623], "InvR": [[1.1900147705193087, 0.4755211704380934], [0.4755211704380934, 1.190014770519309]], "name": "\u5927\u7cf8\u7dda"}