{"Avg": [132.7306409090909, 35.391414545454545], "Std": [0.029709401467162895, 0.0022746962380070035], "InvR": [[1.1568482970336964, -0.42596911310101726], [-0.4259691131010172, 1.1568482970336966]], "name": "\u5927\u793e\u7dda"}