{"Avg": [141.50396032911763, 38.98160260205884], "Std": [0.18768676714095425, 0.047985024397173434], "InvR": [[1.7754275115997287, -1.1733351342840954], [-1.1733351342840954, 1.7754275115997287]], "name": "\u5927\u8239\u6e21\u7dda"}