{"Avg": [135.49096358208948, 34.67076930348261], "Std": [0.05097517482912675, 0.011956022338622104], "InvR": [[2.7689892318594476, -2.2132130792795635], [-2.2132130792795635, 2.768989231859448]], "name": "\u5927\u962a\u5e02\u9ad8\u901f\u96fb\u6c17\u8ecc\u9053_4\u53f7\u7dda_\u4e2d\u592e\u7dda"}