{"Avg": [135.84766773654204, 34.59958879934581], "Std": [0.2787433664510764, 0.06117232750163413], "InvR": [[1.0571028910517526, -0.2456901121702314], [-0.2456901121702314, 1.0571028910517526]], "name": "\u5927\u962a\u7dda"}