{"Avg": [135.51456961038969, 34.67017181818183], "Std": [0.0297596899614468, 0.010848613859302214], "InvR": [[2.239769594939766, 1.6663727804656667], [1.6663727804656667, 2.239769594939766]], "name": "\u5927\u962a\u5e02\u9ad8\u901f\u96fb\u6c17\u8ecc\u9053_5\u53f7\u7dda_\u5343\u65e5\u524d\u7dda"}