{"Avg": [135.52167517241378, 34.78910068965517], "Std": [0.050751454446335054, 0.021733761426206897], "InvR": [[1.329086420232413, 0.6613503551173141], [0.6613503551173141, 1.329086420232413]], "name": "\u5927\u962a\u30e2\u30ce\u30ec\u30fc\u30eb\u7dda"}