{"Avg": [135.51387681547615, 34.793704196428564], "Std": [0.04896819085035136, 0.01872847810718805], "InvR": [[1.2361632156611464, 0.540311280737835], [0.540311280737835, 1.2361632156611464]], "name": "\u5927\u962a\u9ad8\u901f\u9244\u9053_\u5927\u962a\u30e2\u30ce\u30ec\u30fc\u30eb\u7dda"}