{"Avg": [135.50638057692308, 34.67740942307691], "Std": [0.024779372889986478, 0.019480504299018063], "InvR": [[1.0122242557211107, -0.11123708081860911], [-0.11123708081860911, 1.0122242557211107]], "name": "\u5927\u962a\u74b0\u72b6\u7dda"}