{"Avg": [135.5058502061856, 34.67237855670104], "Std": [0.003868092574340652, 0.022794877250047713], "InvR": [[5.51417746488732, -4.9891858703984795], [-4.9891858703984795, 5.51417746488732]], "name": "\u5927\u962a\u5e02\u9ad8\u901f\u96fb\u6c17\u8ecc\u9053_6\u53f7\u7dda_\u583a\u7b4b\u7dda"}