{"Avg": [135.53489569230777, 34.665056276923096], "Std": [0.024030868953797115, 0.04579310189218376], "InvR": [[1.1165666559049476, 0.3607692353483177], [0.3607692353483177, 1.1165666559049474]], "name": "\u5927\u962a\u5e02\u9ad8\u901f\u96fb\u6c17\u8ecc\u9053_2\u53f7\u7dda_\u8c37\u753a\u7dda"}