{"Avg": [135.49136016000003, 34.649917359999996], "Std": [0.008364371869684674, 0.0272935493666618], "InvR": [[2.282528441977423, -1.710966874740262], [-1.7109668747402618, 2.2825284419774228]], "name": "\u5927\u962a\u5e02\u9ad8\u901f\u96fb\u6c17\u8ecc\u9053_3\u53f7\u7dda_\u56db\u3064\u6a4b\u7dda"}