{"Avg": [135.5299811650487, 34.68758262135924], "Std": [0.03365817772501747, 0.015210803133412158], "InvR": [[5.716174107170481, -5.1921548817726695], [-5.1921548817726695, 5.716174107170481]], "name": "\u5927\u962a\u5e02\u9ad8\u901f\u96fb\u6c17\u8ecc\u9053_7\u53f7\u7dda_\u9577\u5800\u9db4\u898b\u7dd1\u5730\u7dda"}