{"Avg": [139.13353740740737, 35.29252851851852], "Std": [0.019434990894162882, 0.021765392459506056], "InvR": [[18.052531471827738, 17.545408546668362], [17.545408546668362, 18.052531471827738]], "name": "\u5927\u96c4\u5c71\u7dda"}