{"Avg": [135.53048272727273, 34.82465772727272], "Std": [0.0058283075524232005, 0.014811006083259153], "InvR": [[4.519488288326963, 3.9882685591616855], [3.988268559161686, 4.519488288326965]], "name": "\u5927\u962a\u9ad8\u901f\u9244\u9053_\u56fd\u969b\u6587\u5316\u516c\u5712\u90fd\u5e02\u30e2\u30ce\u30ec\u30fc\u30eb\u7dda_\u5f69\u90fd\u7dda"}