{"Avg": [135.43871610738253, 34.62193194630873], "Std": [0.019499215255639954, 0.01166337200587618], "InvR": [[10.497559780555228, 9.98504890152149], [9.98504890152149, 10.497559780555228]], "name": "\u5927\u962a\u5e02\u9ad8\u901f\u96fb\u6c17\u8ecc\u9053_\u5357\u6e2f\u30dd\u30fc\u30c8\u30bf\u30a6\u30f3\u7dda"}