{"Avg": [140.51256000000004, 40.559359655172415], "Std": [0.03563701852926484, 0.022312083858034692], "InvR": [[8.007780996285643, 7.491113100747301], [7.491113100747301, 8.007780996285643]], "name": "\u5927\u9c10\u7dda"}