{"Avg": [135.5493126153846, 34.71973861538463], "Std": [0.006159150485110062, 0.025508379189044344], "InvR": [[1.0084915948299538, -0.09254027238294579], [-0.0925402723829458, 1.0084915948299538]], "name": "\u5927\u962a\u5e02\u9ad8\u901f\u96fb\u6c17\u8ecc\u9053_8\u53f7\u7dda_\u4eca\u91cc\u7b4b\u7dda"}