{"Avg": [135.50512320754711, 34.6652742264151], "Std": [0.00804718288304427, 0.057614767009935265], "InvR": [[2.9504929335696017, 2.398940519786715], [2.398940519786715, 2.950492933569602]], "name": "\u5927\u962a\u5e02\u9ad8\u901f\u96fb\u6c17\u8ecc\u9053_1\u53f7\u7dda_\u5fa1\u5802\u7b4b\u7dda"}