{"Avg": [135.19555, 35.584785], "Std": [0.0002766767066402498, 0.0014295541262923704], "InvR": [[2660.9315858538203, -2660.431538868962], [-2660.431538868962, 2660.9315858538203]], "name": "\u5929\u6a4b\u7acb\u92fc\u7d22\u9244\u9053"}