{"Avg": [135.7998709090909, 34.60385272727273], "Std": [0.018322302581849473, 0.0026716664561459687], "InvR": [[4.435057042148118, 3.9031620418526694], [3.903162041852669, 4.435057042148118]], "name": "\u5929\u7406\u7dda"}