{"Avg": [137.75850841899992, 34.80493203822224], "Std": [0.16603844760937253, 0.03149450711304686], "InvR": [[1.159760507137473, -0.43044619498643005], [-0.43044619498643005, 1.1597605071374735]], "name": "\u5929\u7adc\u6d5c\u540d\u6e56\u7dda"}