{"Avg": [130.48017860194173, 33.33285407766989], "Std": [0.049359755567234646, 0.1752149302548929], "InvR": [[1.0493323625899054, -0.2275215255500174], [-0.22752152555001737, 1.0493323625899054]], "name": "\u5929\u795e\u5927\u725f\u7530\u7dda"}