{"Avg": [137.73782108471602, 34.80766311268136], "Std": [0.15730175016737769, 0.03197832777047064], "InvR": [[1.4173664518791593, -0.7691301626079672], [-0.7691301626079672, 1.4173664518791593]], "name": "\u5929\u7adc\u6d5c\u540d\u6e56\u9244\u9053_\u5929\u7adc\u6d5c\u540d\u6e56\u7dda"}