{"Avg": [137.06432041666667, 35.400333333333336], "Std": [0.03550278116795505, 0.04433197685894736], "InvR": [[15.588158179417375, 15.079871260959738], [15.079871260959738, 15.588158179417375]], "name": "\u592a\u591a\u7dda"}