{"Avg": [130.52530750000003, 33.51064875], "Std": [0.0047793324586210585, 0.005753341284635017], "InvR": [[58.98143369553238, -58.47929622597172], [-58.47929622597172, 58.98143369553239]], "name": "\u592a\u5bb0\u5e9c\u7dda"}