{"Avg": [135.7318392783504, 34.78165804123711], "Std": [0.07957212124142964, 0.11493230102026457], "InvR": [[1.725302356153608, -1.11864465492648], [-1.1186446549264797, 1.7253023561536078]], "name": "\u5948\u826f\u7dda"}