{"Avg": [140.35068601351466, 39.24099890782425], "Std": [0.1644967136472589, 0.951956671131982], "InvR": [[1.0980784838424724, -0.3281735407300691], [-0.3281735407300691, 1.0980784838424724]], "name": "\u5965\u7fbd\u7dda"}