{"Avg": [135.42027305555553, 34.86664972222222], "Std": [0.008752607173309957, 0.028357515120540897], "InvR": [[1.530263902916094, -0.9008017038460255], [-0.9008017038460255, 1.5302639029160943]], "name": "\u5999\u898b\u7dda"}