{"Avg": [138.23890253119995, 37.0511870408], "Std": [0.011791289003282699, 0.08980365054050651], "InvR": [[1.5372476372626849, -0.908780865229359], [-0.908780865229359, 1.5372476372626849]], "name": "\u5999\u9ad8\u306f\u306d\u3046\u307e\u30e9\u30a4\u30f3"}