{"Avg": [134.10451952941173, 34.9981094117647], "Std": [0.3628996972877548, 0.07404717797145483], "InvR": [[2.7724652821355606, 2.2167765919260907], [2.2167765919260902, 2.7724652821355606]], "name": "\u59eb\u65b0\u7dda"}