{"Avg": [132.45977175000002, 34.374584500000005], "Std": [0.003881039092499145, 0.014004850757862423], "InvR": [[1.5306881668778565, 0.9012869117778397], [0.9012869117778397, 1.530688166877856]], "name": "\u5b87\u54c1\u7dda"}