{"Avg": [135.79126631578947, 34.91917736842105], "Std": [0.01552470093297158, 0.013025527908122878], "InvR": [[1.7161379564794679, 1.1085989036572494], [1.1085989036572492, 1.7161379564794674]], "name": "\u5b87\u6cbb\u7dda"}