{"Avg": [131.3024024444444, 33.99764511111112], "Std": [0.06383562304528966, 0.049529777154632755], "InvR": [[2.0491878992183015, -1.4662820830537402], [-1.46628208305374, 2.049187899218302]], "name": "\u5b87\u90e8\u7dda"}