{"Avg": [133.8870470882353, 34.57096102941176], "Std": [0.04265830656394909, 0.05056328700019235], "InvR": [[1.1477651597576346, 0.4118248440731009], [0.4118248440731009, 1.1477651597576346]], "name": "\u5b87\u91ce\u7dda"}