{"Avg": [139.8228165217391, 36.47357521739131], "Std": [0.045158254636501416, 0.058403041155894786], "InvR": [[15.398778136430302, -14.890385823025996], [-14.890385823025996, 15.398778136430302]], "name": "\u5b87\u90fd\u5bae\u7dda"}