{"Avg": [137.20590333333334, 36.692498333333326], "Std": [0.002789065952761521, 0.00019264965322722907], "InvR": [[1.293298536005258, 0.6158916846557401], [0.6158916846557401, 1.293298536005258]], "name": "\u5b89\u91ce\u5c4b\u7dda"}