{"Avg": [142.1980822689076, 44.530197563025204], "Std": [0.2739085094521784, 0.4739872756030027], "InvR": [[5.147375258183257, 4.620400068216377], [4.620400068216377, 5.147375258183257]], "name": "\u5b97\u8c37\u7dda"}