{"Avg": [135.4334569661017, 34.78410966101695], "Std": [0.04886315321626572, 0.040751441612270636], "InvR": [[2.8844717755770075, 2.3314599821835604], [2.3314599821835604, 2.884471775577008]], "name": "\u5b9d\u585a\u7dda"}