{"Avg": [140.71849874999998, 41.75869374999999], "Std": [0.00127484741734429, 0.00415971434566056], "InvR": [[1.9805104340417983, -1.3935247200199332], [-1.3935247200199332, 1.980510434041798]], "name": "\u5b9d\u6765\u30fb\u8c37\u5730\u982d\u7dda"}