{"Avg": [141.12909906250005, 42.574268515624986], "Std": [0.433208427882219, 0.23235788255972803], "InvR": [[1.741379946010842, -1.1362324455664345], [-1.1362324455664345, 1.741379946010842]], "name": "\u5ba4\u862d\u7dda"}