{"Avg": [132.36120440816325, 34.3596094489796], "Std": [0.04097003375734831, 0.02511908657271213], "InvR": [[10.474719910077768, -9.962180347920922], [-9.962180347920922, 10.474719910077768]], "name": "\u5bae\u5cf6\u7dda"}