{"Avg": [131.43652333333333, 31.874623333333332], "Std": [0.004347699263852916, 0.0030491182696344757], "InvR": [[74.7781954236414, 74.27651254193795], [74.27651254193795, 74.77819542364144]], "name": "\u5bae\u5d0e\u7a7a\u6e2f\u7dda"}