{"Avg": [135.12204479166667, 35.54694020833333], "Std": [0.1673937064352285, 0.07107063099157], "InvR": [[2.30555191953783, 1.7349402681783432], [1.7349402681783432, 2.30555191953783]], "name": "\u5bae\u6d25\u7dda"}