{"Avg": [135.1457941935484, 35.403884516129025], "Std": [0.03218351669613227, 0.07414314471774745], "InvR": [[13.003758732471667, -12.493757738961545], [-12.493757738961543, 13.003758732471667]], "name": "\u5bae\u798f\u7dda"}