{"Avg": [132.8230505263158, 32.95960052631579], "Std": [0.07659553178349562, 0.018772571389265993], "InvR": [[38.86095856378702, -38.35769990409468], [-38.35769990409468, 38.86095856378702]], "name": "\u5bbf\u6bdb\u7dda"}