{"Avg": [137.3513453629976, 36.614671498829075], "Std": [0.041811885299143314, 0.04064940551488684], "InvR": [[2.0333370003666618, 1.4495248727405237], [1.4495248727405234, 2.0333370003666613]], "name": "\u5bcc\u5c71\u5730\u65b9\u9244\u9053_\u7acb\u5c71\u7dda"}