{"Avg": [137.19596529411768, 36.69526352941176], "Std": [0.003774001025046839, 0.0020422102823586764], "InvR": [[9.247732675397925, 8.73343156841711], [8.73343156841711, 9.247732675397925]], "name": "\u5bcc\u5c71\u5730\u65b9\u9244\u9053_\u5449\u7fbd\u7dda"}