{"Avg": [138.7821853703704, 35.489536296296286], "Std": [0.007651014629631858, 0.005026708405476217], "InvR": [[24.66992751058245, 24.16475524119395], [24.16475524119395, 24.669927510582458]], "name": "\u5bcc\u58eb\u6025\u884c_\u6cb3\u53e3\u6e56\u7dda"}