{"Avg": [137.20613756249998, 36.692410374999994], "Std": [0.0026419789687049462, 0.0001798738707397436], "InvR": [[1.9875286192572594, 1.400978726858266], [1.4009787268582663, 1.9875286192572592]], "name": "\u5bcc\u5c71\u5730\u65b9\u9244\u9053_\u5b89\u91ce\u5c4b\u7dda"}