{"Avg": [137.2109828212121, 36.69728400666666], "Std": [0.0016379353352466662, 0.0028815735661188247], "InvR": [[7.977942914723409, -7.461208362983975], [-7.461208362983975, 7.977942914723407]], "name": "\u5bcc\u5c71\u5730\u65b9\u9244\u9053_\u652f\u7dda"}