{"Avg": [137.2122129, 36.69034599999999], "Std": [0.0023057631903548774, 0.0014544208469364681], "InvR": [[2.94297682564103, 2.391262380128773], [2.391262380128773, 2.94297682564103]], "name": "\u5bcc\u5c71\u90fd\u5fc3\u7dda"}