{"Avg": [137.22979515151516, 36.6844096969697], "Std": [0.0038423675791645715, 0.008457496758694203], "InvR": [[3.49256426326834, -2.950498410403026], [-2.950498410403026, 3.49256426326834]], "name": "\u5bcc\u5c71\u5730\u65b9\u9244\u9053_\u4e0d\u4e8c\u8d8a\u7dda"}