{"Avg": [137.38331225508114, 36.77252012041441], "Std": [0.11019574751215232, 0.07021192901374107], "InvR": [[4.25607774085629, -3.7226495934154338], [-3.7226495934154338, 4.25607774085629]], "name": "\u5bcc\u5c71\u5730\u65b9\u9244\u9053_\u672c\u7dda"}