{"Avg": [137.2258852941176, 36.72940201680672], "Std": [0.005040675362169487, 0.019219151013517344], "InvR": [[4.658810420292875, -4.128644343115135], [-4.128644343115135, 4.658810420292875]], "name": "\u5bcc\u5c71\u30e9\u30a4\u30c8\u30ec\u30fc\u30eb_\u5bcc\u5c71\u6e2f\u7dda"}