{"Avg": [138.88244047034775, 35.54823907975462], "Std": [0.049563911016373106, 0.03662992353153575], "InvR": [[13.715673637188049, -13.206211784030543], [-13.206211784030543, 13.715673637188049]], "name": "\u5bcc\u58eb\u6025\u884c_\u5927\u6708\u7dda"}