{"Avg": [137.211954516129, 36.690345419354834], "Std": [0.00222573820839816, 0.001437964977235392], "InvR": [[2.8615525963848896, 2.308014442219158], [2.308014442219158, 2.861552596384889]], "name": "\u5bcc\u5c71\u5730\u65b9\u9244\u9053_\u5bcc\u5c71\u90fd\u5fc3\u7dda"}