{"Avg": [137.27095967346943, 36.62619612244896], "Std": [0.0301915562309808, 0.01841764369430344], "InvR": [[9.60579094613229, 9.092053054985147], [9.092053054985149, 9.605790946132288]], "name": "\u5bcc\u5c71\u5730\u65b9\u9244\u9053_\u4e0a\u6edd\u7dda"}