{"Avg": [137.2258061538462, 36.73007846153847], "Std": [0.005647824684657669, 0.020383116447065596], "InvR": [[5.275542229386579, -4.749295061864922], [-4.749295061864922, 5.275542229386579]], "name": "\u5bcc\u5c71\u6e2f\u7dda"}