{"Avg": [142.40940205128203, 43.593074871794855], "Std": [0.04078090969794502, 0.14132152311936955], "InvR": [[1.188611994589197, 0.4734833461613116], [0.4734833461613116, 1.188611994589197]], "name": "\u5bcc\u826f\u91ce\u7dda"}