{"Avg": [130.87617000000003, 33.851211481481485], "Std": [0.005406021334276808, 0.02310569926546176], "InvR": [[2.6138194366986744, -2.0538336376067807], [-2.0538336376067807, 2.6138194366986744]], "name": "\u5c0f\u5009\u7dda"}