{"Avg": [135.7865979245283, 35.5273183018868], "Std": [0.20650947491039628, 0.06213960447481313], "InvR": [[2.6291011761671843, -2.069558363119167], [-2.0695583631191674, 2.6291011761671843]], "name": "\u5c0f\u6d5c\u7dda"}