{"Avg": [139.4522385, 36.261025000000004], "Std": [0.05030339474379664, 0.01411041689674666], "InvR": [[3.2089398468172194, 2.6623964944527136], [2.662396494452714, 3.2089398468172194]], "name": "\u5c0f\u6cc9\u7dda"}