{"Avg": [140.13983578947372, 35.38449394736842], "Std": [0.024825545908194496, 0.07658225675838903], "InvR": [[2.7449670277074243, 2.1885787524083997], [2.1885787524083997, 2.7449670277074243]], "name": "\u5c0f\u6e4a\u9435\u9053\u7dda"}