{"Avg": [140.14447797297314, 35.35926757882888], "Std": [0.02085201238347776, 0.07007118189447342], "InvR": [[2.380831491674761, 1.8131539096490148], [1.8131539096490144, 2.3808314916747615]], "name": "\u5c0f\u6e4a\u9435\u9053_\u5c0f\u6e4a\u9435\u9053\u7dda"}