{"Avg": [138.45936261538455, 36.139814], "Std": [0.04487086792724546, 0.14558788169983872], "InvR": [[1.0921633777878381, -0.31726560795822445], [-0.3172656079582244, 1.0921633777878381]], "name": "\u5c0f\u6d77\u7dda"}