{"Avg": [139.46390943977585, 35.41413789915967], "Std": [0.014461559602224781, 0.073489047811545], "InvR": [[7.0516701250655975, 6.5325631591035584], [6.5325631591035584, 7.0516701250655975]], "name": "\u5c0f\u7530\u6025\u96fb\u9244_\u6c5f\u30ce\u5cf6\u7dda"}