{"Avg": [136.93717606896553, 35.2859754137931], "Std": [0.007774200754710704, 0.04710185586248985], "InvR": [[1.8347022352800988, -1.237509618896634], [-1.237509618896634, 1.8347022352800988]], "name": "\u5c0f\u7267\u7dda"}