{"Avg": [139.4842464566929, 35.546818897637806], "Std": [0.18268629184801233, 0.1310268697046968], "InvR": [[31.134673015007014, -30.630592399370908], [-30.630592399370908, 31.134673015007014]], "name": "\u5c0f\u7530\u539f\u7dda"}