{"Avg": [139.46045880794708, 35.61602682119202], "Std": [0.02910639346090252, 0.011239535198778787], "InvR": [[3.032183799959738, 2.4823285029944238], [2.4823285029944238, 3.032183799959738]], "name": "\u5c0f\u7530\u6025\u96fb\u9244_\u591a\u6469\u7dda"}