{"Avg": [139.38444475552035, 35.47810328864348], "Std": [0.16717331721357148, 0.12084590438493908], "InvR": [[18.889710513754395, -18.38291197769518], [-18.38291197769518, 18.889710513754395]], "name": "\u5c0f\u7530\u6025\u96fb\u9244_\u5c0f\u7530\u539f\u7dda"}