{"Avg": [131.1868794117647, 33.97525382352941], "Std": [0.012988832293929596, 0.017544782367467242], "InvR": [[1.0148138023404079, 0.12261015895996766], [0.12261015895996766, 1.0148138023404079]], "name": "\u5c0f\u91ce\u7530\u7dda"}