{"Avg": [136.7474006666667, 35.239385111111105], "Std": [0.02474871510918371, 0.06405972357876404], "InvR": [[3.3479331976662623, -2.803698182467147], [-2.803698182467147, 3.3479331976662627]], "name": "\u5c3e\u897f\u7dda"}