{"Avg": [140.1526433870968, 35.733389032258046], "Std": [0.003020460306486843, 0.005560042413877956], "InvR": [[1.4439610593715269, 0.8006637756323282], [0.8006637756323282, 1.4439610593715269]], "name": "\u5c71\u4e07_\u30e6\u30fc\u30ab\u30ea\u304c\u4e18\u7dda"}