{"Avg": [140.07309831578962, 38.10213565789473], "Std": [0.037312850492830604, 0.05002285233390642], "InvR": [[1.0842215021175927, 0.3021833276945247], [0.30218332769452466, 1.084221502117593]], "name": "\u5c71\u5f62\u9244\u9053_\u30d5\u30e9\u30ef\u30fc\u9577\u4e95\u7dda"}