{"Avg": [132.30077179104478, 34.446799552238815], "Std": [2.242445663486483, 0.44984905041193146], "InvR": [[9.374149359859508, -8.860052305776469], [-8.860052305776469, 9.374149359859508]], "name": "\u5c71\u53e3\u7dda"}