{"Avg": [138.64893876543212, 35.44572395061728], "Std": [1.9241886591909254, 0.42351374134477565], "InvR": [[161.56444122935045, -161.06366514059863], [-161.06366514059863, 161.56444122935048]], "name": "\u5c71\u624b\u7dda"}