{"Avg": [139.82317955056192, 37.69723146067415], "Std": [2.4797510561108638, 2.4208293821108344], "InvR": [[62.644627140944614, -62.14261567142979], [-62.14261567142979, 62.64462714094463]], "name": "\u5c71\u7530\u7dda"}