{"Avg": [133.25948793017454, 35.04236421446384], "Std": [1.6481015729947242, 0.49872946297201354], "InvR": [[2.289671662901475, -1.7184075945457558], [-1.7184075945457558, 2.2896716629014753]], "name": "\u5c71\u9670\u7dda"}