{"Avg": [134.64372752212387, 34.799281415929215], "Std": [0.02611904894428418, 0.004837152469463999], "InvR": [[5.746399088190742, -5.2225188743142565], [-5.2225188743142565, 5.746399088190742]], "name": "\u5c71\u967d\u96fb\u6c17\u9244\u9053_\u7db2\u5e72\u7dda"}