{"Avg": [134.87922345431784, 34.719599899874886], "Std": [0.15320999919440315, 0.06713486143028884], "InvR": [[13.906405236699191, 13.39707809078515], [13.39707809078515, 13.906405236699191]], "name": "\u5c71\u967d\u96fb\u6c17\u9244\u9053_\u672c\u7dda"}