{"Avg": [132.8487364615385, 34.34596153846153], "Std": [1.5908971673477748, 0.33218825850240963], "InvR": [[11.590675175143419, -11.0793987129511], [-11.0793987129511, 11.590675175143419]], "name": "\u5c71\u967d\u65b0\u5e79\u7dda"}