{"Avg": [133.1766487793224, 34.43726940493221], "Std": [1.2856731477795025, 0.2882558029313954], "InvR": [[6.486912893901016, -5.965997485681521], [-5.965997485681521, 6.486912893901016]], "name": "\u5c71\u967d\u7dda"}