{"Avg": [141.34913749999998, 43.04140125], "Std": [0.0034279831898650272, 0.00934661449960191], "InvR": [[1.253598768751282, -0.5638360615138484], [-0.5638360615138484, 1.253598768751282]], "name": "\u5c71\u9f3b\u7dda"}