{"Avg": [141.3366588888889, 43.04155833333333], "Std": [0.0014950655462744008, 0.008769191809966983], "InvR": [[4.151059769625895, 3.616661090201941], [3.6166610902019407, 4.151059769625895]], "name": "\u5c71\u9f3b\u897f\u7dda"}