{"Avg": [133.93199246913582, 34.66079], "Std": [0.005916139576075935, 0.003968488843842488], "InvR": [[4.183125272714448, 3.649028881018603], [3.649028881018603, 4.183125272714448]], "name": "\u5ca1\u5c71\u96fb\u6c17\u8ecc\u9053_\u6771\u5c71\u672c\u7dda"}