{"Avg": [133.92618534883724, 34.65927488372093], "Std": [0.0002578745759435408, 0.004670326601842796], "InvR": [[1.020123047558935, 0.14327590377308452], [0.14327590377308452, 1.0201230475589351]], "name": "\u5ca1\u5c71\u96fb\u6c17\u8ecc\u9053_\u6e05\u8f1d\u6a4b\u7dda"}