{"Avg": [131.48425049999997, 33.27462433333333], "Std": [0.0012049050792499775, 0.0001705761478723556], "InvR": [[439850.4825642148, -439849.9825639306], [-439849.9825639306, 439850.48256421485]], "name": "\u5ca1\u672c\u88fd\u4f5c\u6240_\u5225\u5e9c\u30e9\u30af\u30c6\u30f3\u30c1\u30b1\u30fc\u30d6\u30eb\u7dda"}