{"Avg": [132.00819428571427, 34.077373428571434], "Std": [0.12160594093301647, 0.050280188938323], "InvR": [[16.558768590381597, -16.05098279356833], [-16.05098279356833, 16.5587685903816]], "name": "\u5ca9\u5fb3\u7dda"}