{"Avg": [138.71442000000002, 35.159015499999995], "Std": [0.021497689178141044, 0.005531860875872074], "InvR": [[1.000017128197309, -0.004138658077685537], [-0.004138658077685537, 1.000017128197309]], "name": "\u5cb3\u5357\u7dda"}