{"Avg": [138.7128410526316, 35.15880203007518], "Std": [0.021582051449216426, 0.0054424547700378245], "InvR": [[1.0222925909001928, -0.15096208301833985], [-0.15096208301833985, 1.0222925909001928]], "name": "\u5cb3\u5357\u96fb\u8eca_\u5cb3\u5357\u7dda"}