{"Avg": [130.23312956030156, 32.843224987437225], "Std": [0.0946145756905256, 0.026221597544079173], "InvR": [[1.0119017381802853, 0.10974237810434624], [0.10974237810434624, 1.0119017381802853]], "name": "\u5cf6\u539f\u9244\u9053_\u5cf6\u539f\u9244\u9053\u7dda"}