{"Avg": [130.22239480769235, 32.83505884615385], "Std": [0.1122711811862821, 0.02899957550444232], "InvR": [[1.127386057182122, 0.37896340818940377], [0.37896340818940377, 1.127386057182122]], "name": "\u5cf6\u539f\u9244\u9053\u7dda"}