{"Avg": [135.69367222222223, 34.99293333333334], "Std": [0.008150345292997819, 0.012035735678942394], "InvR": [[160.5283765017016, 160.02759538832782], [160.02759538832782, 160.52837650170162]], "name": "\u5d50\u5c71\u7dda"}