{"Avg": [135.71026531249998, 35.011224375000005], "Std": [0.020294309544854363, 0.0047484418085697155], "InvR": [[9.794375928350112, 9.28091719053101], [9.28091719053101, 9.794375928350114]], "name": "\u5d50\u5c71\u672c\u7dda"}