{"Avg": [135.65106125, 35.01868375], "Std": [0.028523885358367917, 0.004722853844604683], "InvR": [[1.1246382948328175, -0.3743968474381825], [-0.3743968474381825, 1.1246382948328175]], "name": "\u5d6f\u5ce8\u91ce\u89b3\u5149\u7dda"}