{"Avg": [135.6409168181819, 35.0203695959596], "Std": [0.021062986120692337, 0.0036454672059808018], "InvR": [[1.019888169262314, -0.14242088519216745], [-0.14242088519216745, 1.019888169262314]], "name": "\u5d6f\u5ce8\u91ce\u89b3\u5149\u9244\u9053_\u5d6f\u5ce8\u91ce\u89b3\u5149\u7dda"}