{"Avg": [139.4807924137931, 35.91032586206897], "Std": [0.09595028424083715, 0.009656535581110319], "InvR": [[1.6114519253391615, -0.9926355737833138], [-0.9926355737833138, 1.6114519253391613]], "name": "\u5ddd\u8d8a\u7dda"}