{"Avg": [140.2682887096774, 38.34563129032259], "Std": [0.034562936399104356, 0.04624861286442545], "InvR": [[2.9770496059842415, 2.426061571870484], [2.426061571870484, 2.977049605984241]], "name": "\u5de6\u6ca2\u7dda"}