{"Avg": [136.87413720000004, 35.011515800000005], "Std": [0.035293785007561466, 0.07414069673505938], "InvR": [[9.853451638525101, -9.340078027202336], [-9.340078027202336, 9.853451638525101]], "name": "\u5e38\u6ed1\u7dda"}