{"Avg": [139.99665255769236, 36.05106590384615], "Std": [0.030281376546557742, 0.12740994416845935], "InvR": [[2.528642563229829, 1.9660596759375568], [1.9660596759375568, 2.528642563229829]], "name": "\u5e38\u7dcf\u7dda"}