{"Avg": [140.50031458151778, 36.644604672232155], "Std": [0.43015218684174866, 0.7319587281128453], "InvR": [[7.176209496995471, -6.657459969671054], [-6.657459969671054, 7.176209496995471]], "name": "\u5e38\u78d0\u7dda"}