{"Avg": [139.91206, 35.86377682926829], "Std": [0.10892584320110882, 0.1262231212331917], "InvR": [[84.76787555041317, -84.26639217256142], [-84.26639217256142, 84.76787555041317]], "name": "\u5e38\u78d0\u65b0\u7dda"}