{"Avg": [130.7894459036145, 33.65560963855422], "Std": [0.007571952691147004, 0.015040736247182277], "InvR": [[9.108733824004554, 8.594201420292643], [8.594201420292643, 9.108733824004554]], "name": "\u5e73\u6210\u7b51\u8c4a\u9244\u9053_\u7cf8\u7530\u7dda"}