{"Avg": [130.96517709756097, 33.95376129268292], "Std": [0.0012773929014321147, 0.005433197034149992], "InvR": [[1.3466358079937366, -0.6832219195672862], [-0.6832219195672862, 1.3466358079937366]], "name": "\u5e73\u6210\u7b51\u8c4a\u9244\u9053_\u9580\u53f8\u6e2f\u30ec\u30c8\u30ed\u89b3\u5149\u7dda"}