{"Avg": [130.77104000000003, 33.6896914935065], "Std": [0.03264276359218152, 0.03276577986614967], "InvR": [[48.74937877731285, 48.24678800082558], [48.24678800082558, 48.74937877731285]], "name": "\u5e73\u6210\u7b51\u8c4a\u9244\u9053_\u4f0a\u7530\u7dda"}