{"Avg": [130.9008375675676, 33.65134896049893], "Std": [0.04982238544241536, 0.031711944413139515], "InvR": [[1.6726393183907557, -1.0606992839801186], [-1.0606992839801186, 1.6726393183907557]], "name": "\u5e73\u6210\u7b51\u8c4a\u9244\u9053_\u7530\u5ddd\u7dda"}