{"Avg": [130.7026725, 32.798029], "Std": [0.006679711726564393, 0.004480750941527677], "InvR": [[10.49551935649196, -9.983005920363135], [-9.983005920363135, 10.495519356491958]], "name": "\u5e79\u7dda"}