{"Avg": [132.45323290726034, 34.39488685075344], "Std": [0.014771971607076209, 0.0013958507655440365], "InvR": [[1.3422843527731962, 0.6778221971332613], [0.6778221971332614, 1.3422843527731962]], "name": "\u5e83\u5cf6\u96fb\u9244_\u672c\u7dda"}