{"Avg": [132.47034454545454, 34.38496963636366], "Std": [0.0035929323644082536, 0.005730775915619546], "InvR": [[36.792139075698216, -36.288694640201946], [-36.288694640201946, 36.792139075698216]], "name": "\u5e83\u5cf6\u96fb\u9244_\u7686\u5b9f\u7dda"}