{"Avg": [132.44151750000003, 34.38344500000001], "Std": [0.003459177467262354, 0.0066793989250526565], "InvR": [[86.78147667700071, -86.280027918191], [-86.280027918191, 86.78147667700071]], "name": "\u5e83\u5cf6\u96fb\u9244_\u6c5f\u6ce2\u7dda"}