{"Avg": [132.44924035225804, 34.40449569096774], "Std": [0.0011206512014756821, 0.003876212846646451], "InvR": [[68.83019156870634, -68.32836219181685], [-68.32836219181685, 68.83019156870634]], "name": "\u5e83\u5cf6\u96fb\u9244_\u6a2a\u5ddd\u7dda"}