{"Avg": [132.44526951971355, 34.44674667547275], "Std": [0.026597154002833093, 0.02376540183589678], "InvR": [[1.1275812020557323, 0.3792863893863285], [0.3792863893863286, 1.127581202055732]], "name": "\u5e83\u5cf6\u9ad8\u901f\u4ea4\u901a_\u5e83\u5cf6\u65b0\u4ea4\u901a1\u53f7\u7dda"}