{"Avg": [132.4649251515152, 34.39878636363636], "Std": [0.000983845643265492, 0.003519202576843355], "InvR": [[11.611659280809882, -11.100404135562291], [-11.100404135562291, 11.611659280809885]], "name": "\u5e83\u5cf6\u96fb\u9244_\u767d\u5cf6\u7dda"}