{"Avg": [132.4604893421053, 34.37339250000003], "Std": [0.0037233379674428504, 0.013485733165577584], "InvR": [[1.4248036937252342, 0.7779857787439541], [0.7779857787439541, 1.4248036937252342]], "name": "\u5e83\u5cf6\u96fb\u9244_\u5b87\u54c1\u7dda"}