{"Avg": [132.593645, 34.42673833333333], "Std": [0.00291013602202273, 0.0032999313965933973], "InvR": [[3.7879343505086966, 3.2496941845741496], [3.2496941845741496, 3.7879343505086975]], "name": "\u5e83\u5cf6\u77ed\u8ddd\u96e2\u4ea4\u901a\u702c\u91ce\u7dda"}