{"Avg": [132.35969328296713, 34.35972773901098], "Std": [0.038035475413247165, 0.0224704905958004], "InvR": [[9.16284993931583, -8.648408470412592], [-8.648408470412592, 9.16284993931583]], "name": "\u5e83\u5cf6\u96fb\u9244_\u5bae\u5cf6\u7dda"}