{"Avg": [132.44919937369565, 34.44238564934783], "Std": [0.024509579494602817, 0.027462654616903823], "InvR": [[1.0760351552118848, 0.286035836985473], [0.286035836985473, 1.0760351552118848]], "name": "\u5e83\u5cf6\u65b0\u4ea4\u901a1\u53f7\u7dda"}