{"Avg": [137.0495265625, 35.418893125000004], "Std": [0.05591307034190696, 0.019371763187287915], "InvR": [[4.656340327371061, -4.12615619153359], [-4.12615619153359, 4.656340327371061]], "name": "\u5e83\u898b\u7dda"}