{"Avg": [140.51223615384617, 40.56034703296705], "Std": [0.034851289750811844, 0.02201932455444698], "InvR": [[7.352857259653409, 6.834592352231729], [6.834592352231729, 7.352857259653409]], "name": "\u5f18\u5357\u9244\u9053_\u5927\u9c10\u7dda"}