{"Avg": [140.5493125588889, 40.611847437407405], "Std": [0.03498839890812319, 0.023259457533678668], "InvR": [[2.0374454759929304, -1.4538702114188622], [-1.4538702114188622, 2.03744547599293]], "name": "\u5f18\u5357\u7dda"}