{"Avg": [140.55299932853808, 40.61055239543857], "Std": [0.030815283306306, 0.024618973768105117], "InvR": [[1.6425170550217818, -1.0272999664244349], [-1.0272999664244349, 1.6425170550217818]], "name": "\u5f18\u5357\u9244\u9053_\u5f18\u5357\u7dda"}