{"Avg": [138.9105447058824, 37.66576294117647], "Std": [0.04658858672623813, 0.024960562249678398], "InvR": [[10.030752996797021, 9.517628522166401], [9.517628522166401, 10.03075299679702]], "name": "\u5f25\u5f66\u7dda"}