{"Avg": [133.59902298701297, 33.567368701298705], "Std": [0.033940709727286925, 0.007862954626361964], "InvR": [[6.824905227585634, -6.305111112259646], [-6.305111112259647, 6.824905227585634]], "name": "\u5f8c\u514d\u7dda"}