{"Avg": [130.74021142857143, 33.62492857142857], "Std": [0.032267489356747905, 0.009936020946279578], "InvR": [[1.0079697668788912, 0.08962858954036429], [0.0896285895403643, 1.0079697668788912]], "name": "\u5f8c\u85e4\u5bfa\u7dda"}