{"Avg": [139.15793391304348, 35.79274913043478], "Std": [0.0025953013381761845, 0.0021195752508130043], "InvR": [[75.9704343988377, -75.46877810292985], [-75.46877810292985, 75.97043439883768]], "name": "\u5fa1\u5cb3\u767b\u5c71\u9244\u9053_\u30b1\u30fc\u30d6\u30eb\u30ab\u30fc"}