{"Avg": [135.72812125, 34.4846325], "Std": [0.00471565328851805, 0.016325567945710974], "InvR": [[14.741714752438847, 14.232935013195076], [14.232935013195076, 14.74171475243885]], "name": "\u5fa1\u6240\u7dda"}