{"Avg": [138.98856225806452, 35.25378306451613], "Std": [0.10917045131381607, 0.0948031235974564], "InvR": [[2.2790220406707484, -1.7073135099308252], [-1.7073135099308252, 2.2790220406707484]], "name": "\u5fa1\u6bbf\u5834\u7dda"}