{"Avg": [134.24150910714283, 34.0589575], "Std": [0.20711011106307692, 0.016188894699983036], "InvR": [[19.626338308060557, -19.119801700707693], [-19.119801700707693, 19.626338308060557]], "name": "\u5fb3\u5cf6\u7dda"}