{"Avg": [134.11555515151517, 34.33807060606062], "Std": [0.038091815323950604, 0.005889724971401512], "InvR": [[1.7434993380973682, 1.1385475852368192], [1.1385475852368192, 1.7434993380973678]], "name": "\u5fd7\u5ea6\u7dda"}