{"Avg": [136.82792272727272, 34.401877272727276], "Std": [0.013624439554272127, 0.058358136161107084], "InvR": [[1.8945480515778002, -1.3018311212132847], [-1.3018311212132847, 1.8945480515777997]], "name": "\u5fd7\u6469\u7dda"}