{"Avg": [137.1329577215189, 35.08772346835444], "Std": [0.02902435267976551, 0.09579429823613089], "InvR": [[2.301227452768365, 1.730439347855455], [1.7304393478554547, 2.301227452768365]], "name": "\u611b\u77e5\u74b0\u72b6\u9244\u9053_\u611b\u77e5\u74b0\u72b6\u9244\u9053\u7dda"}