{"Avg": [137.05964117647056, 35.17641897058824], "Std": [0.028123142266981656, 0.0033238326742170373], "InvR": [[1.00292627347736, 0.05417413177730091], [0.05417413177730091, 1.00292627347736]], "name": "\u611b\u77e5\u9ad8\u901f\u4ea4\u901a_\u6771\u90e8\u4e18\u9675\u7dda"}