{"Avg": [137.13003327868853, 35.09868836065574], "Std": [0.03273491206554267, 0.09797247626506783], "InvR": [[2.7919967453072077, 2.2367943759985702], [2.2367943759985702, 2.7919967453072077]], "name": "\u611b\u77e5\u74b0\u72b6\u9244\u9053\u7dda"}