{"Avg": [140.12511745, 35.77966005], "Std": [0.17899470547183385, 0.016041174051405635], "InvR": [[1.1150717563411758, -0.35820841063355674], [-0.35820841063355674, 1.1150717563411758]], "name": "\u6210\u7530\u7a7a\u6e2f\u7dda"}