{"Avg": [140.35637125, 35.823455312499995], "Std": [0.22925416294952541, 0.05580349944136451], "InvR": [[1.037839629950939, 0.19817029935326536], [0.19817029935326538, 1.037839629950939]], "name": "\u6210\u7530\u7dda"}