{"Avg": [139.83296153846152, 35.72852769230769], "Std": [0.014651934945021827, 0.011376221593810496], "InvR": [[38.02427673967408, -37.520945415003126], [-37.52094541500313, 38.024276739674065]], "name": "\u62bc\u4e0a\u7dda"}