{"Avg": [139.42494736842104, 35.732345789473676], "Std": [0.05124432465029059, 0.006737746238671473], "InvR": [[18.70566299919464, -18.19879570851447], [-18.19879570851447, 18.705662999194637]], "name": "\u62dd\u5cf6\u7dda"}