{"Avg": [130.51412880000007, 31.33336213333332], "Std": [0.08304533398026287, 0.12951541506496006], "InvR": [[1.0041001099665154, -0.06416323611113307], [-0.06416323611113307, 1.0041001099665157]], "name": "\u6307\u5bbf\u6795\u5d0e\u7dda"}