{"Avg": [135.2141825, 34.72355], "Std": [0.0018297318792620282, 0.003464693348622888], "InvR": [[723.1286651824512, 722.6284922028547], [722.6284922028547, 723.1286651824512]], "name": "\u6469\u8036\u30b1\u30fc\u30d6\u30eb\u7dda"}