{"Avg": [134.75503733333338, 35.03274888888888], "Std": [0.043703142394010755, 0.16476924712015645], "InvR": [[9.544704620975667, -9.030873804937071], [-9.030873804937071, 9.544704620975667]], "name": "\u64ad\u4f46\u7dda"}