{"Avg": [137.21104624999998, 36.6967125], "Std": [0.001966818099751562, 0.002911982786693649], "InvR": [[5.746913955457078, -5.223036095602848], [-5.223036095602848, 5.746913955457078]], "name": "\u652f\u7dda"}