{"Avg": [139.99246705882354, 35.75326000000001], "Std": [0.04395676228036966, 0.03801543907208168], "InvR": [[2.7185738503913854, 2.161497150042178], [2.161497150042178, 2.7185738503913854]], "name": "\u65b0\u4eac\u6210\u7dda"}