{"Avg": [139.99640680000002, 35.74995131764705], "Std": [0.040947766643054634, 0.0396631841936757], "InvR": [[2.5773037042805713, 2.0162318021045555], [2.016231802104556, 2.5773037042805718]], "name": "\u65b0\u4eac\u6210\u96fb\u9244_\u65b0\u4eac\u6210\u7dda"}