{"Avg": [139.56809956521738, 35.75726289855073], "Std": [0.09956615575724, 0.05998549155750525], "InvR": [[2.8705352789110203, 2.3172046755868907], [2.317204675586891, 2.8705352789110203]], "name": "\u65b0\u5bbf\u7dda"}