{"Avg": [137.08828437500003, 36.779590000000006], "Std": [0.015511624660534885, 0.0045642017374343995], "InvR": [[4.004366777031139, 3.4685135876855973], [3.4685135876855973, 4.004366777031139]], "name": "\u65b0\u6e4a\u6e2f\u7dda"}