{"Avg": [131.35943516666669, 31.648862500000018], "Std": [0.10405363338989622, 0.14442251244900609], "InvR": [[3.146663776278722, -2.5990054145126256], [-2.5990054145126256, 3.146663776278722]], "name": "\u65e5\u5357\u7dda"}