{"Avg": [139.72123583333337, 36.47740880952382], "Std": [0.055194906213568144, 0.20801472207746213], "InvR": [[1.0013861337274699, -0.03725661141569664], [-0.03725661141569664, 1.0013861337274699]], "name": "\u65e5\u5149\u7dda"}