{"Avg": [137.99809342105263, 37.101798157894734], "Std": [0.1587333845971433, 0.059727897513167816], "InvR": [[22.707516857882602, -22.201887419612326], [-22.201887419612323, 22.707516857882602]], "name": "\u65e5\u672c\u6d77\u3072\u3059\u3044\u30e9\u30a4\u30f3"}