{"Avg": [139.77012769230768, 35.769340384615376], "Std": [0.0007567659311535186, 0.026237679816625774], "InvR": [[1.109140683425184, -0.3479258142243836], [-0.3479258142243836, 1.109140683425184]], "name": "\u65e5\u66ae\u91cc\u30fb\u820e\u4eba\u7dda"}