{"Avg": [135.39855285714287, 34.902565714285714], "Std": [0.008666658137095324, 0.006053008359822688], "InvR": [[520.289891526811, 519.7896510449721], [519.7896510449722, 520.289891526811]], "name": "\u65e5\u751f\u7dda"}