{"Avg": [130.85260508771933, 33.60282157894737], "Std": [0.026876101307359266, 0.14892186319041073], "InvR": [[1.0172006848637154, 0.13227451917696065], [0.13227451917696065, 1.0172006848637156]], "name": "\u65e5\u7530\u5f66\u5c71\u7dda"}