{"Avg": [131.33468872659176, 32.84455647940075], "Std": [0.37409020587014336, 0.765551453980544], "InvR": [[1.0405244433717453, -0.20534525531975448], [-0.20534525531975448, 1.0405244433717453]], "name": "\u65e5\u8c4a\u7dda"}