{"Avg": [142.35804583333336, 42.357119333333344], "Std": [0.3881447652757573, 0.169237751175348], "InvR": [[79.73355341637672, 79.2319757862053], [79.2319757862053, 79.73355341637671]], "name": "\u65e5\u9ad8\u7dda"}