{"Avg": [137.42919318063312, 35.39568379143391], "Std": [0.0249333111711631, 0.04521454700794231], "InvR": [[1.6918626347621508, -1.0819133699803212], [-1.0819133699803212, 1.6918626347621506]], "name": "\u660e\u77e5\u9244\u9053_\u660e\u77e5\u7dda"}