{"Avg": [137.41924385185186, 35.37576844444444], "Std": [0.024274814120204227, 0.04301738148644839], "InvR": [[1.641506173789365, -1.0261755916017667], [-1.0261755916017667, 1.641506173789365]], "name": "\u660e\u77e5\u7dda"}