{"Avg": [134.3314298801598, 35.07059873501996], "Std": [0.04017754150845244, 0.12444318209222527], "InvR": [[2.1610875534221687, 1.5840491975106221], [1.5840491975106221, 2.1610875534221687]], "name": "\u667a\u982d\u6025\u884c_\u667a\u982d\u7dda"}