{"Avg": [134.33221454545452, 35.0659003030303], "Std": [0.03578182635809208, 0.13774254824446164], "InvR": [[2.0250587690952235, 1.4407651610148817], [1.4407651610148817, 2.0250587690952235]], "name": "\u667a\u982d\u7dda"}