{"Avg": [135.16956000000002, 34.738253], "Std": [0.030194506619582503, 0.040525495752673835], "InvR": [[3.126506805656272, -2.578475906453018], [-2.5784759064530185, 3.1265068056562724]], "name": "\u6709\u99ac\u7dda"}