{"Avg": [133.00547073170736, 35.22805512195122], "Std": [0.084989400383302, 0.10983020487568014], "InvR": [[8.504347564692342, 7.988715787684291], [7.988715787684291, 8.504347564692344]], "name": "\u6728\u6b21\u7dda"}