{"Avg": [133.81741357142855, 34.48264714285715], "Std": [0.007846766037353032, 0.08240885020334192], "InvR": [[1.6296467771896903, -1.0129668509951615], [-1.0129668509951615, 1.62964677718969]], "name": "\u672c\u56db\u5099\u8b83\u7dda"}