{"Avg": [136.9363043617011, 35.394482558492264], "Std": [2.9770489322843403, 1.3225197985245598], "InvR": [[1.7651124894502788, -1.1621142848115589], [-1.162114284811559, 1.7651124894502785]], "name": "\u672c\u7dda"}