{"Avg": [132.75873299999998, 33.847573999999994], "Std": [6.403905058616391e-05, 0.004343096130641632], "InvR": [[9.460564260443833, -8.946603370304473], [-8.946603370304473, 9.460564260443833]], "name": "\u672c\u753a\u7dda"}