{"Avg": [141.3365210810811, 43.0418391891892], "Std": [0.001399679082490865, 0.008809310915278071], "InvR": [[5.091176822143832, 4.5638694779967945], [4.5638694779967945, 5.091176822143832]], "name": "\u672d\u5e4c\u5e02_\u5c71\u9f3b\u897f\u7dda"}