{"Avg": [141.3424694117647, 43.05753941176471], "Std": [0.006128754283358537, 0.0009198111736416393], "InvR": [[56.87393005257562, -56.37171267198371], [-56.37171267198371, 56.873930052575616]], "name": "\u672d\u5e4c\u5e02_1\u6761\u7dda"}