{"Avg": [141.37127275641038, 43.06036397435898], "Std": [0.014596940739096821, 0.02249029251213513], "InvR": [[1.5089808710669286, 0.8763802817150658], [0.8763802817150658, 1.5089808710669286]], "name": "\u672d\u5e4c\u5e02_\u6771\u8c4a\u7dda"}