{"Avg": [141.35836868421057, 43.043741789473685], "Std": [0.009847442032551206, 0.031001130437077824], "InvR": [[3.209728514861722, 2.66319894567693], [2.66319894567693, 3.209728514861722]], "name": "\u672d\u5e4c\u5e02_\u5357\u5317\u7dda"}