{"Avg": [141.34939618181818, 43.04184018181817], "Std": [0.0029889368684037306, 0.009713032948459361], "InvR": [[1.058605361001036, -0.24907819924493144], [-0.24907819924493144, 1.058605361001036]], "name": "\u672d\u5e4c\u5e02_\u5c71\u9f3b\u7dda"}