{"Avg": [141.3527833164516, 43.057241345806446], "Std": [0.0004403810060182313, 0.0013655102371660237], "InvR": [[2.7341072086724747, 2.1774377189353356], [2.1774377189353356, 2.7341072086724747]], "name": "\u672d\u5e4c\u5e02_\u90fd\u5fc3\u7dda"}