{"Avg": [141.36249545816725, 43.05610561752986], "Std": [0.055922425674463906, 0.016195950182310955], "InvR": [[7.482303003344538, 6.964377591035264], [6.964377591035265, 7.482303003344538]], "name": "\u672d\u5e4c\u5e02_\u6771\u897f\u7dda"}