{"Avg": [141.58263723076922, 43.28087399999999], "Std": [0.2001069627167329, 0.14815111263425992], "InvR": [[53.75231705037436, -53.24996968293589], [-53.24996968293589, 53.75231705037436]], "name": "\u672d\u6cbc\u7dda"}