{"Avg": [139.73900885117496, 35.70333681462141], "Std": [0.01027193200872927, 0.04436413008746267], "InvR": [[1.1607200567518772, -0.4319154933481823], [-0.43191549334818224, 1.1607200567518772]], "name": "\u6771\u4eac\u5730\u4e0b\u9244_7\u53f7\u7dda\u5357\u5317\u7dda"}