{"Avg": [139.70194860465116, 35.59393613953486], "Std": [0.012825425289905807, 0.019452658489422514], "InvR": [[1.1566598076947554, -0.4256784033066665], [-0.4256784033066665, 1.1566598076947554]], "name": "\u6771\u4eac\u6025\u884c\u96fb\u9244_\u6c60\u4e0a\u7dda"}