{"Avg": [139.65097921348317, 35.65048393258427], "Std": [0.008874837706977202, 0.007631955382583383], "InvR": [[1.7694954185280367, 1.1668841492040565], [1.1668841492040565, 1.7694954185280365]], "name": "\u6771\u4eac\u6025\u884c\u96fb\u9244_\u4e16\u7530\u8c37\u7dda"}