{"Avg": [139.57533083511785, 35.58037331905782], "Std": [0.0688285505531762, 0.04375682133314586], "InvR": [[91.93172783432719, -91.43036068380394], [-91.43036068380394, 91.93172783432719]], "name": "\u6771\u4eac\u6025\u884c\u96fb\u9244_\u7530\u5712\u90fd\u5e02\u7dda"}