{"Avg": [139.66934811320752, 35.69087811320754], "Std": [0.006538244833027487, 0.004383444005080591], "InvR": [[7.978966652523401, -7.462234396583714], [-7.462234396583714, 7.978966652523403]], "name": "\u6771\u4eac\u5730\u4e0b\u9244_4\u53f7\u7dda\u4e38\u30ce\u5185\u7dda\u5206\u5c90\u7dda"}