{"Avg": [139.72283244332482, 35.709981914357655], "Std": [0.05851188435183793, 0.04435797482235043], "InvR": [[38.11011644756144, 37.60679272683502], [37.60679272683502, 38.11011644756143]], "name": "\u6771\u4eac\u5730\u4e0b\u9244_8\u53f7\u7dda\u6709\u697d\u753a\u7dda"}