{"Avg": [139.7611077029703, 35.58031070297026], "Std": [0.014287285809171655, 0.03863431195438857], "InvR": [[1.5822493792721362, 0.9598248376318067], [0.9598248376318066, 1.5822493792721362]], "name": "\u6771\u4eac\u30e2\u30ce\u30ec\u30fc\u30eb_\u6771\u4eac\u30e2\u30ce\u30ec\u30fc\u30eb\u7fbd\u7530\u7dda"}