{"Avg": [139.4911527272728, 35.544224242424235], "Std": [0.002138347241590943, 0.008309001883792166], "InvR": [[2.2085195126999255, 1.6337193532783993], [1.6337193532783991, 2.2085195126999255]], "name": "\u6771\u4eac\u6025\u884c\u96fb\u9244_\u3053\u3069\u3082\u306e\u56fd\u7dda"}