{"Avg": [139.69416767676765, 35.614084848484836], "Std": [0.01669695380360674, 0.010302624296813367], "InvR": [[17.84943458760418, -17.342228245227204], [-17.342228245227204, 17.84943458760418]], "name": "\u6771\u4eac\u6025\u884c\u96fb\u9244_\u76ee\u9ed2\u7dda"}