{"Avg": [139.7242033112582, 35.71418428256074], "Std": [0.03283577351225589, 0.0541249629254538], "InvR": [[2.0930692226236904, 1.512570510115429], [1.5125705101154292, 2.0930692226236904]], "name": "\u6771\u4eac\u90fd_6\u53f7\u7dda\u4e09\u7530\u7dda"}