{"Avg": [139.7617850641026, 35.66423586538463], "Std": [0.026610653616425017, 0.031788173032810924], "InvR": [[54.96748744831961, -54.46519245291303], [-54.46519245291303, 54.96748744831961]], "name": "\u6771\u4eac\u90fd_1\u53f7\u7dda\u6d45\u8349\u7dda"}