{"Avg": [139.76390237037043, 35.71146259259265], "Std": [0.03920733530904192, 0.03665895621212398], "InvR": [[5.004232224771734, -4.47639452401954], [-4.47639452401954, 5.004232224771734]], "name": "\u6771\u4eac\u5730\u4e0b\u9244_9\u53f7\u7dda\u5343\u4ee3\u7530\u7dda"}