{"Avg": [139.7636298614958, 35.685553795013846], "Std": [0.02850347143620081, 0.02968868463393374], "InvR": [[3.683235061849462, -3.1437215937464544], [-3.1437215937464544, 3.683235061849462]], "name": "\u6771\u4eac\u5730\u4e0b\u9244_2\u53f7\u7dda\u65e5\u6bd4\u8c37\u7dda"}