{"Avg": [139.7700977215189, 35.765712658227855], "Std": [0.0008690325617229319, 0.026629154894629862], "InvR": [[1.0701669876643385, -0.27402626484011705], [-0.274026264840117, 1.0701669876643385]], "name": "\u6771\u4eac\u90fd_\u65e5\u66ae\u91cc_\u820e\u4eba\u7dda"}