{"Avg": [139.80000490566027, 35.692839025157234], "Std": [0.06137505245606533, 0.0068950348095223445], "InvR": [[1.117901556117046, -0.363045910391326], [-0.363045910391326, 1.117901556117046]], "name": "\u6771\u4eac\u90fd_10\u53f7\u7dda\u65b0\u5bbf\u7dda"}