{"Avg": [139.7761960606061, 35.64118333333332], "Std": [0.013295828678153088, 0.014707179789943903], "InvR": [[1.1807845567028248, 0.4620255541039496], [0.4620255541039496, 1.180784556702825]], "name": "\u6771\u4eac\u81e8\u6d77\u65b0\u4ea4\u901a\u81e8\u6d77\u7dda"}