{"Avg": [139.677568125, 35.60798432692308], "Std": [0.03314571305735551, 0.002707665139655481], "InvR": [[1.8672590968779867, 1.2725554754098571], [1.2725554754098571, 1.8672590968779865]], "name": "\u6771\u4eac\u6025\u884c\u96fb\u9244_\u5927\u4e95\u753a\u7dda"}