{"Avg": [139.65535617605636, 35.558506579812196], "Std": [0.02664213304570158, 0.06068282373954088], "InvR": [[19.13214446647405, -18.625434422304345], [-18.625434422304345, 19.13214446647405]], "name": "\u6771\u4eac\u6025\u884c\u96fb\u9244_\u6771\u6a2a\u7dda"}