{"Avg": [139.48629770833347, 35.905291354166664], "Std": [0.157149142513298, 0.12338668943795333], "InvR": [[33.09670649149755, 32.59287152266333], [32.59287152266333, 33.09670649149754]], "name": "\u6771\u4e0a\u672c\u7dda"}