{"Avg": [139.7349882786885, 35.693596284152996], "Std": [0.048582430882776154, 0.02646808610561262], "InvR": [[1.5462449350808694, 0.9190367044804968], [0.9190367044804968, 1.5462449350808694]], "name": "\u6771\u4eac\u90fd_12\u53f7\u7dda\u5927\u6c5f\u6238\u7dda"}