{"Avg": [139.76487990825683, 35.62318220183486], "Std": [0.027753711959204962, 0.012273889744651064], "InvR": [[7.564723713449908, -7.047007957096504], [-7.047007957096505, 7.564723713449907]], "name": "\u6771\u4eac\u81e8\u6d77\u9ad8\u901f\u9244\u9053_\u308a\u3093\u304b\u3044\u7dda"}