{"Avg": [139.75975643283584, 35.6862742947761], "Std": [0.024099960195032577, 0.0175495602021808], "InvR": [[2.6008834545016883, -2.040517407276632], [-2.040517407276632, 2.6008834545016883]], "name": "\u6771\u4eac\u5730\u4e0b\u9244_3\u53f7\u7dda\u9280\u5ea7\u7dda"}