{"Avg": [139.77015666666662, 35.71482266666666], "Std": [0.000305694109994689, 0.0006064483123517663], "InvR": [[1.0546596678376567, 0.2400986195832447], [0.2400986195832447, 1.0546596678376567]], "name": "\u6771\u4eac\u90fd_\u4e0a\u91ce\u61f8\u5782\u7dda"}