{"Avg": [139.6898149295774, 35.57137028169013], "Std": [0.014562942926661118, 0.009357097475183302], "InvR": [[10.621917563712444, 10.109560582270154], [10.109560582270154, 10.621917563712444]], "name": "\u6771\u4eac\u6025\u884c\u96fb\u9244_\u6771\u6025\u591a\u6469\u5ddd\u7dda"}