{"Avg": [139.74940295918367, 35.73996860544217], "Std": [0.024385609529547728, 0.011541928700318766], "InvR": [[1.2846902153325015, -0.604763370285079], [-0.604763370285079, 1.2846902153325015]], "name": "\u6771\u4eac\u90fd_\u8352\u5ddd\u7dda"}