{"Avg": [139.8048966436781, 35.68911926436781], "Std": [0.0847794568331206, 0.017141199113394928], "InvR": [[1.1675007407113904, 0.44221854195663807], [0.44221854195663807, 1.1675007407113906]], "name": "\u6771\u4eac\u5730\u4e0b\u9244_5\u53f7\u7dda\u6771\u897f\u7dda"}