{"Avg": [139.7243477989131, 35.69484915760869], "Std": [0.04054060707559065, 0.015294896548577231], "InvR": [[1.047132901583261, 0.2221585289718099], [0.22215852897180996, 1.047132901583261]], "name": "\u6771\u4eac\u5730\u4e0b\u9244_4\u53f7\u7dda\u4e38\u30ce\u5185\u7dda"}