{"Avg": [139.70791032855075, 35.69369088347826], "Std": [0.004397383053260509, 0.02333453073192739], "InvR": [[3.075780317284483, -2.5267853575066788], [-2.5267853575066788, 3.075780317284484]], "name": "\u6771\u4eac\u5730\u4e0b\u9244_13\u53f7\u7dda\u526f\u90fd\u5fc3\u7dda"}