{"Avg": [139.76519192857137, 35.56874753571429], "Std": [0.015835902964755882, 0.033210488392204335], "InvR": [[1.4598318155491066, 0.8193150274102717], [0.8193150274102717, 1.4598318155491068]], "name": "\u6771\u4eac\u30e2\u30ce\u30ec\u30fc\u30eb\u7fbd\u7530\u7dda"}