{"Avg": [139.77034163865545, 35.68441100840335], "Std": [0.03516129752943561, 0.010364601553831062], "InvR": [[1.598773961717265, -0.9784192449803167], [-0.9784192449803168, 1.598773961717265]], "name": "\u6771\u4eac\u5730\u4e0b\u9244_11\u53f7\u7dda\u534a\u8535\u9580\u7dda"}