{"Avg": [140.4023604615385, 37.390143769230754], "Std": [0.5679115299241706, 1.232995847255426], "InvR": [[20.77915704763113, -20.272992146264137], [-20.272992146264137, 20.77915704763113]], "name": "\u6771\u5317\u7dda"}