{"Avg": [140.63062559420294, 38.262759376811616], "Std": [0.5547014050647361, 1.5201891992561951], "InvR": [[4.576122737236316, -4.045340105481229], [-4.045340105481229, 4.576122737236316]], "name": "\u6771\u5317\u65b0\u5e79\u7dda"}