{"Avg": [133.9315265, 34.661097000000005], "Std": [0.00708023182882998, 0.00401039412028241], "InvR": [[5.324510433743078, 4.798531121634601], [4.798531121634601, 5.324510433743078]], "name": "\u6771\u5c71\u672c\u7dda"}