{"Avg": [139.66555547619043, 35.83116690476189], "Std": [0.033394635383429204, 0.042446392605042474], "InvR": [[14.337295982320953, 13.828259474798537], [13.828259474798537, 14.33729598232095]], "name": "\u6771\u5317\u7dda\uff08\u57fc\u4eac\u7dda\uff09"}