{"Avg": [139.69351973477993, 38.744075931283795], "Std": [0.26747386235801773, 0.5179108569658799], "InvR": [[20.431039633968403, -19.924767022246943], [-19.924767022246943, 20.431039633968403]], "name": "\u6771\u65e5\u672c\u65c5\u5ba2\u9244\u9053_\u7fbd\u8d8a\u7dda"}