{"Avg": [139.71709248538, 35.67595730994153], "Std": [0.016751733853477762, 0.04156045423141408], "InvR": [[1.014283635607671, -0.12036468690543642], [-0.12036468690543642, 1.014283635607671]], "name": "\u6771\u65e5\u672c\u65c5\u5ba2\u9244\u9053_\u5c71\u624b\u7dda"}