{"Avg": [140.58571635971222, 41.041502618704996], "Std": [0.0801586776238417, 0.10837662629306918], "InvR": [[11.125847591737498, 10.614077305297602], [10.614077305297602, 11.125847591737498]], "name": "\u6771\u65e5\u672c\u65c5\u5ba2\u9244\u9053_\u6d25\u8efd\u7dda"}