{"Avg": [139.41247626986228, 36.35803609141699], "Std": [0.21501547223081904, 0.029607063294098197], "InvR": [[1.1718394420557323, 0.4487407223573069], [0.4487407223573069, 1.171839442055732]], "name": "\u6771\u65e5\u672c\u65c5\u5ba2\u9244\u9053_\u4e21\u6bdb\u7dda"}