{"Avg": [136.34998880130303, 34.29307834853419], "Std": [0.15293471981517953, 0.28507408332049156], "InvR": [[6.679292360728319, -6.1590302872575124], [-6.1590302872575124, 6.679292360728319]], "name": "\u6771\u6d77\u65c5\u5ba2\u9244\u9053_\u7d00\u52e2\u7dda"}