{"Avg": [139.4462618578509, 37.41654470531469], "Std": [0.2701971738257491, 0.08990083915863566], "InvR": [[7.727026724043264, -7.209709790971861], [-7.209709790971861, 7.727026724043264]], "name": "\u6771\u65e5\u672c\u65c5\u5ba2\u9244\u9053_\u53ea\u898b\u7dda"}