{"Avg": [138.91189629310344, 37.66575711206897], "Std": [0.041981679564037214, 0.0242939106323998], "InvR": [[9.318205269009573, 8.804018637326262], [8.804018637326264, 9.318205269009573]], "name": "\u6771\u65e5\u672c\u65c5\u5ba2\u9244\u9053_\u5f25\u5f66\u7dda"}