{"Avg": [138.51310870249029, 35.3743902446484], "Std": [0.059884577178568904, 0.1456116188232643], "InvR": [[1.15809420371149, 0.42788781351968896], [0.42788781351968896, 1.1580942037114903]], "name": "\u6771\u6d77\u65c5\u5ba2\u9244\u9053_\u8eab\u5ef6\u7dda"}