{"Avg": [136.72217693181804, 34.494975181818155], "Std": [0.08278542510279148, 0.006735211103098874], "InvR": [[1.247387951999055, 0.5555076514264603], [0.5555076514264603, 1.247387951999055]], "name": "\u6771\u6d77\u65c5\u5ba2\u9244\u9053_\u53c2\u5bae\u7dda"}