{"Avg": [141.43938571428617, 38.707980206896536], "Std": [0.11942437935815656, 0.10664133345583218], "InvR": [[6.443977321382191, -5.922910297911476], [-5.922910297911476, 6.443977321382191]], "name": "\u6771\u65e5\u672c\u65c5\u5ba2\u9244\u9053_\u6c17\u4ed9\u6cbc\u7dda"}