{"Avg": [137.17782667242574, 35.92669492398067], "Std": [0.09429334173815829, 0.33042180202555105], "InvR": [[1.3326283786632926, -0.6657852633961368], [-0.6657852633961368, 1.3326283786632924]], "name": "\u6771\u6d77\u65c5\u5ba2\u9244\u9053_\u9ad8\u5c71\u7dda"}