{"Avg": [137.78034569206153, 35.288460640585704], "Std": [0.1563043290013354, 0.30824273223894516], "InvR": [[3.719443575203621, -3.180379998352378], [-3.180379998352378, 3.719443575203621]], "name": "\u6771\u6d77\u65c5\u5ba2\u9244\u9053_\u98ef\u7530\u7dda"}