{"Avg": [139.65524036507935, 35.559207238095226], "Std": [0.027130847233888918, 0.06210911077218471], "InvR": [[22.10589097793191, -21.600104743965467], [-21.600104743965467, 22.10589097793191]], "name": "\u6771\u6a2a\u7dda"}