{"Avg": [139.1600836627907, 37.91920534883722], "Std": [0.07958331198113329, 0.014034681995525227], "InvR": [[5.022174570835955, -4.494448002715723], [-4.494448002715723, 5.022174570835954]], "name": "\u6771\u65e5\u672c\u65c5\u5ba2\u9244\u9053_\u767d\u65b0\u7dda"}