{"Avg": [140.37457818181818, 35.568178564593325], "Std": [0.03608088398361113, 0.02701255121787766], "InvR": [[39.843027175288405, -39.339849863916385], [-39.339849863916385, 39.843027175288405]], "name": "\u6771\u65e5\u672c\u65c5\u5ba2\u9244\u9053_\u6771\u91d1\u7dda"}