{"Avg": [139.57390634453793, 36.32432258403361], "Std": [0.02145777513976017, 0.043926458100602084], "InvR": [[5.297790480209639, -4.771665693653552], [-4.771665693653552, 5.297790480209638]], "name": "\u6771\u6b66\u9244\u9053_\u4f50\u91ce\u7dda"}