{"Avg": [139.0605704787615, 36.69386324694026], "Std": [0.24058753336011, 0.534265926657594], "InvR": [[1.9865873910238196, 1.3999793109724898], [1.3999793109724898, 1.9865873910238199]], "name": "\u6771\u65e5\u672c\u65c5\u5ba2\u9244\u9053_\u4e0a\u8d8a\u65b0\u5e79\u7dda"}