{"Avg": [140.28000053110765, 35.29750503793624], "Std": [0.08837165873742131, 0.1666461106373396], "InvR": [[1.0005176760553922, -0.022758384035133264], [-0.022758384035133264, 1.0005176760553922]], "name": "\u6771\u65e5\u672c\u65c5\u5ba2\u9244\u9053_\u5916\u623f\u7dda"}