{"Avg": [139.7638607209494, 37.615622063718014], "Std": [0.30921968977610326, 0.08451779419112665], "InvR": [[12.985247705637963, 12.475231872439808], [12.475231872439808, 12.985247705637965]], "name": "\u6771\u65e5\u672c\u65c5\u5ba2\u9244\u9053_\u78d0\u8d8a\u897f\u7dda"}