{"Avg": [139.45357162403317, 35.39139942805573], "Std": [0.2476268651225769, 0.17297370786856087], "InvR": [[17.79730363214252, -17.29007556208274], [-17.29007556208274, 17.79730363214252]], "name": "\u6771\u65e5\u672c\u65c5\u5ba2\u9244\u9053_\u6771\u6d77\u9053\u7dda"}