{"Avg": [139.07538302547778, 35.04125184713378], "Std": [0.009717725944601371, 0.03860545924104912], "InvR": [[4.280545837553275, 3.747335964367406], [3.747335964367406, 4.280545837553276]], "name": "\u6771\u65e5\u672c\u65c5\u5ba2\u9244\u9053_\u4f0a\u6771\u7dda"}