{"Avg": [140.550348199555, 37.90443443008151], "Std": [0.5581165996348338, 1.3474272186833551], "InvR": [[7.950676207270301, -7.43388027517149], [-7.43388027517149, 7.950676207270301]], "name": "\u6771\u65e5\u672c\u65c5\u5ba2\u9244\u9053_\u6771\u5317\u65b0\u5e79\u7dda"}