{"Avg": [138.81440883484137, 37.65102938914029], "Std": [0.13947115688495565, 0.17454701534260458], "InvR": [[33.17181473311339, -32.66798858140619], [-32.66798858140619, 33.171814733113386]], "name": "\u6771\u65e5\u672c\u65c5\u5ba2\u9244\u9053_\u8d8a\u5f8c\u7dda"}