{"Avg": [139.28458302816895, 35.728922535211275], "Std": [0.04023408687250118, 0.002923609682003294], "InvR": [[4.627831341236236, 4.097437196796572], [4.097437196796572, 4.627831341236237]], "name": "\u6771\u65e5\u672c\u65c5\u5ba2\u9244\u9053_\u4e94\u65e5\u5e02\u7dda"}