{"Avg": [139.82595371089553, 35.90085664509171], "Std": [0.12872789623243952, 0.0819794314144985], "InvR": [[2.1494503577720088, 1.5718417486357232], [1.571841748635723, 2.1494503577720088]], "name": "\u6771\u6b66\u9244\u9053_\u91ce\u7530\u7dda"}