{"Avg": [141.2206350840337, 41.06774680672269], "Std": [0.04655675836398719, 0.13891111721990446], "InvR": [[1.27052292180671, -0.5862640813059837], [-0.5862640813059837, 1.27052292180671]], "name": "\u6771\u65e5\u672c\u65c5\u5ba2\u9244\u9053_\u5927\u6e4a\u7dda"}