{"Avg": [139.3217591584158, 36.36806745049507], "Std": [0.02243764523182297, 0.03852883800614799], "InvR": [[6.398851959811499, 5.8776231968179085], [5.8776231968179085, 6.3988519598115]], "name": "\u6771\u6b66\u9244\u9053_\u6850\u751f\u7dda"}