{"Avg": [141.51574160533022, 39.30914935913704], "Std": [0.21278652512678528, 0.04864258259128733], "InvR": [[6.1447701882992165, 5.622582189591501], [5.622582189591502, 6.1447701882992165]], "name": "\u6771\u65e5\u672c\u65c5\u5ba2\u9244\u9053_\u91dc\u77f3\u7dda"}