{"Avg": [139.95919716297797, 35.652869798792736], "Std": [0.1095894537353831, 0.03363546321778555], "InvR": [[1.4315418178413213, 0.7859835611430518], [0.7859835611430518, 1.4315418178413213]], "name": "\u6771\u65e5\u672c\u65c5\u5ba2\u9244\u9053_\u4eac\u8449\u7dda"}