{"Avg": [141.04926012129846, 38.335335397889565], "Std": [0.11719016651490094, 0.06131715545793095], "InvR": [[14.404335903117472, -13.895342993489638], [-13.895342993489638, 14.404335903117474]], "name": "\u6771\u65e5\u672c\u65c5\u5ba2\u9244\u9053_\u4ed9\u77f3\u7dda"}