{"Avg": [139.56082976529197, 36.11106471254467], "Std": [0.20080550104505876, 0.21257711809193292], "InvR": [[5.633383735997508, 5.108975296574033], [5.108975296574033, 5.633383735997508]], "name": "\u6771\u6b66\u9244\u9053_\u4f0a\u52e2\u5d0e\u7dda"}