{"Avg": [139.22306195679806, 35.78593734434567], "Std": [0.08811308710497867, 0.037348205050853095], "InvR": [[8.356699357430024, 7.840773226732257], [7.840773226732257, 8.356699357430026]], "name": "\u6771\u65e5\u672c\u65c5\u5ba2\u9244\u9053_\u9752\u6885\u7dda"}