{"Avg": [138.70127442058143, 37.2037347919463], "Std": [0.2859668606412675, 0.4806749890552415], "InvR": [[1.0293740778809566, -0.1738876485904424], [-0.1738876485904424, 1.0293740778809566]], "name": "\u6771\u65e5\u672c\u65c5\u5ba2\u9244\u9053_\u4fe1\u8d8a\u7dda"}