{"Avg": [138.502780690708, 36.438846464970524], "Std": [0.280528108843372, 0.16403381556858743], "InvR": [[1.250762986578913, 0.5600402324984238], [0.5600402324984238, 1.2507629865789127]], "name": "\u6771\u65e5\u672c\u65c5\u5ba2\u9244\u9053_\u5317\u9678\u65b0\u5e79\u7dda"}