{"Avg": [139.43871208633084, 36.26467549160671], "Std": [0.037809856158752674, 0.013190070926317724], "InvR": [[3.1501173881510685, 2.602522270986483], [2.602522270986483, 3.1501173881510685]], "name": "\u6771\u6b66\u9244\u9053_\u5c0f\u6cc9\u7dda"}