{"Avg": [139.71238384414838, 36.79401296685594], "Std": [0.010187600755347907, 0.038254405440795954], "InvR": [[3.023197975163085, -2.4731615438274734], [-2.4731615438274734, 3.023197975163085]], "name": "\u6771\u6b66\u9244\u9053_\u9b3c\u6012\u5ddd\u7dda"}