{"Avg": [138.4543468981178, 36.03359620376378], "Std": [0.056151164146655545, 0.13582001815370656], "InvR": [[1.1955612024338658, -0.4835342659328759], [-0.4835342659328759, 1.1955612024338658]], "name": "\u6771\u65e5\u672c\u65c5\u5ba2\u9244\u9053_\u5c0f\u6d77\u7dda"}