{"Avg": [139.688393125, 35.573249374999996], "Std": [0.016109748492276872, 0.01021610521967011], "InvR": [[8.508646370767266, 7.993023000842904], [7.993023000842904, 8.508646370767266]], "name": "\u6771\u6025\u591a\u6469\u5ddd\u7dda"}