{"Avg": [140.08350635911603, 40.61731632044198], "Std": [0.17861211824612658, 0.17462701671091987], "InvR": [[1.242451711712835, -0.5488483799969888], [-0.5488483799969888, 1.2424517117128355]], "name": "\u6771\u65e5\u672c\u65c5\u5ba2\u9244\u9053_\u4e94\u80fd\u7dda"}