{"Avg": [139.34410000000003, 35.94486497816593], "Std": [0.029490881397298066, 0.009168660911139255], "InvR": [[1.0470893985224428, 0.2220513678761022], [0.22205136787610222, 1.0470893985224428]], "name": "\u6771\u6b66\u9244\u9053_\u8d8a\u751f\u7dda"}