{"Avg": [139.37956986460335, 35.46042375241781], "Std": [0.014169844331405088, 0.07557347682014702], "InvR": [[2.4195715527235313, 1.8533091879191204], [1.8533091879191204, 2.4195715527235313]], "name": "\u6771\u65e5\u672c\u65c5\u5ba2\u9244\u9053_\u76f8\u6a21\u7dda"}