{"Avg": [139.70109619909496, 35.500612669683264], "Std": [0.014575155456934745, 0.006034428944961996], "InvR": [[1.1841277048129777, -0.4669375937881558], [-0.4669375937881558, 1.1841277048129777]], "name": "\u6771\u65e5\u672c\u65c5\u5ba2\u9244\u9053_\u9db4\u898b\u7dda"}