{"Avg": [138.02525199756397, 36.40469998781975], "Std": [0.06488133964221575, 0.11655468312541169], "InvR": [[4.082473481077972, -3.547409793444638], [-3.547409793444638, 4.082473481077973]], "name": "\u6771\u65e5\u672c\u65c5\u5ba2\u9244\u9053_\u7be0\u30ce\u4e95\u7dda"}