{"Avg": [139.5749288689926, 35.608202521156684], "Std": [0.09554740763370594, 0.05687212852822644], "InvR": [[28.476562902842183, 27.972094520373073], [27.972094520373073, 28.47656290284218]], "name": "\u6771\u65e5\u672c\u65c5\u5ba2\u9244\u9053_\u5357\u6b66\u7dda"}