{"Avg": [139.81632491269852, 38.0407483015873], "Std": [0.1875810280802065, 0.049554384903327656], "InvR": [[3.227744230515867, 2.681527286289028], [2.681527286289028, 3.227744230515867]], "name": "\u6771\u65e5\u672c\u65c5\u5ba2\u9244\u9053_\u7c73\u5742\u7dda"}