{"Avg": [139.81730757333335, 36.46172719999998], "Std": [0.04099670243948094, 0.050327199150095085], "InvR": [[8.791990879171903, -8.27690236382368], [-8.27690236382368, 8.791990879171903]], "name": "\u6771\u6b66\u9244\u9053_\u5b87\u90fd\u5bae\u7dda"}