{"Avg": [140.41268744003034, 36.87284014242875], "Std": [0.0371486877877753, 0.276531786832211], "InvR": [[1.0512941946886845, 0.2322181928649113], [0.23221819286491127, 1.0512941946886845]], "name": "\u6771\u65e5\u672c\u65c5\u5ba2\u9244\u9053_\u6c34\u90e1\u7dda"}