{"Avg": [140.8755463422882, 40.11494499015256], "Std": [0.16705125240796484, 0.10415317410530242], "InvR": [[5.470099810293711, 4.944885451077868], [4.944885451077869, 5.47009981029371]], "name": "\u6771\u65e5\u672c\u65c5\u5ba2\u9244\u9053_\u82b1\u8f2a\u7dda"}