{"Avg": [141.66225903581307, 40.411064370982466], "Std": [0.11023526181144046, 0.11501110309236103], "InvR": [[5.5646183057151015, 5.039876842005616], [5.039876842005616, 5.564618305715101]], "name": "\u6771\u65e5\u672c\u65c5\u5ba2\u9244\u9053_\u516b\u6238\u7dda"}