{"Avg": [140.66371542110355, 38.29679335914812], "Std": [0.17036834923638658, 0.021855051603335677], "InvR": [[2.3639613527619545, 1.7956480514260518], [1.7956480514260518, 2.363961352761955]], "name": "\u6771\u65e5\u672c\u65c5\u5ba2\u9244\u9053_\u4ed9\u5c71\u7dda"}