{"Avg": [140.8187496245733, 39.297696063708734], "Std": [0.1520673358881317, 0.010108573534794253], "InvR": [[1.1663458752173743, -0.44047341057004646], [-0.44047341057004646, 1.1663458752173743]], "name": "\u6771\u65e5\u672c\u65c5\u5ba2\u9244\u9053_\u5317\u4e0a\u7dda"}