{"Avg": [139.72914500111483, 35.807362416945345], "Std": [0.17962887792202648, 0.05863690124675513], "InvR": [[1.1109053558991608, -0.35100620203392474], [-0.35100620203392474, 1.110905355899161]], "name": "\u6771\u65e5\u672c\u65c5\u5ba2\u9244\u9053_\u6b66\u8535\u91ce\u7dda"}