{"Avg": [138.52801339258517, 36.96637673506553], "Std": [0.16521638204456246, 0.13877375810336282], "InvR": [[12.094792542724944, -11.584006824446794], [-11.584006824446796, 12.09479254272494]], "name": "\u6771\u65e5\u672c\u65c5\u5ba2\u9244\u9053_\u98ef\u5c71\u7dda"}