{"Avg": [137.56394840897622, 35.102056601467574], "Std": [1.515937090331374, 0.2898483231612046], "InvR": [[1.7054145359642574, -1.096824600158989], [-1.096824600158989, 1.7054145359642574]], "name": "\u6771\u6d77\u9053\u7dda"}