{"Avg": [139.46573930232546, 35.55712508305648], "Std": [0.11783276420889102, 0.05224496089525372], "InvR": [[7.843534187249319, 7.326492636951157], [7.326492636951157, 7.843534187249319]], "name": "\u6771\u65e5\u672c\u65c5\u5ba2\u9244\u9053_\u6a2a\u6d5c\u7dda"}