{"Avg": [140.08544652343747, 36.65126781249998], "Std": [0.053562268698664185, 0.0092850669708056], "InvR": [[1.01864159528638, 0.1378009592172751], [0.1378009592172751, 1.01864159528638]], "name": "\u6771\u65e5\u672c\u65c5\u5ba2\u9244\u9053_\u70cf\u5c71\u7dda"}