{"Avg": [140.63212222476176, 36.86492669349891], "Std": [0.39006367064295266, 0.714320866373493], "InvR": [[5.483529226861718, -4.958383159355975], [-4.958383159355976, 5.483529226861717]], "name": "\u6771\u65e5\u672c\u65c5\u5ba2\u9244\u9053_\u5e38\u78d0\u7dda"}