{"Avg": [139.82724864864866, 35.70697324324325], "Std": [0.0063506654948848, 0.006682724421790158], "InvR": [[3.6990959079978167, 3.159780788056091], [3.159780788056091, 3.699095907997816]], "name": "\u6771\u6b66\u9244\u9053_\u4e80\u6238\u7dda"}