{"Avg": [136.9510204291846, 34.931637768240364], "Std": [0.01941295430030026, 0.04896421790820929], "InvR": [[4.382719865856649, -3.8503913511119725], [-3.8503913511119725, 4.38271986585665]], "name": "\u6771\u6d77\u65c5\u5ba2\u9244\u9053_\u6b66\u8c4a\u7dda"}