{"Avg": [141.43956996961757, 38.96907108763919], "Std": [0.18066392227920172, 0.044371990673817426], "InvR": [[1.5807936639621718, -0.9581831474518722], [-0.9581831474518722, 1.580793663962172]], "name": "\u6771\u65e5\u672c\u65c5\u5ba2\u9244\u9053_\u5927\u8239\u6e21\u7dda"}