{"Avg": [138.93857253001653, 36.8368750002146], "Std": [0.08488140427482226, 0.2822156506838352], "InvR": [[2.6679448687199545, 2.109498744680636], [2.109498744680636, 2.6679448687199545]], "name": "\u6771\u65e5\u672c\u65c5\u5ba2\u9244\u9053_\u4e0a\u8d8a\u7dda"}