{"Avg": [140.5835696896552, 35.95035841379308], "Std": [0.03581216826876835, 0.0258523665741444], "InvR": [[4.21232161901378, -3.678495861489733], [-3.678495861489733, 4.21232161901378]], "name": "\u6771\u65e5\u672c\u65c5\u5ba2\u9244\u9053_\u9e7f\u5cf6\u7dda"}