{"Avg": [140.3986316138855, 35.81798877588306], "Std": [0.19210773442893878, 0.051857340092424174], "InvR": [[1.002600455395939, -0.05106092208533997], [-0.05106092208533997, 1.002600455395939]], "name": "\u6771\u65e5\u672c\u65c5\u5ba2\u9244\u9053_\u6210\u7530\u7dda"}