{"Avg": [140.66645865846166, 37.29236371692314], "Std": [0.13604327728365406, 0.12474262463303525], "InvR": [[7.937792479309423, 7.420967387428125], [7.420967387428125, 7.937792479309423]], "name": "\u6771\u65e5\u672c\u65c5\u5ba2\u9244\u9053_\u78d0\u8d8a\u6771\u7dda"}