{"Avg": [138.78395570980842, 36.54743559219025], "Std": [0.1568965134556974, 0.019291272368787107], "InvR": [[1.0005624898603371, 0.02372353799879244], [0.02372353799879244, 1.0005624898603371]], "name": "\u6771\u65e5\u672c\u65c5\u5ba2\u9244\u9053_\u543e\u59bb\u7dda"}