{"Avg": [140.09820306553917, 38.76563486257928], "Std": [0.10157599868256964, 0.027446204242239123], "InvR": [[2.1170185630681613, 1.5377740514480729], [1.5377740514480724, 2.117018563068161]], "name": "\u6771\u65e5\u672c\u65c5\u5ba2\u9244\u9053_\u9678\u7fbd\u897f\u7dda"}