{"Avg": [140.47024885618035, 37.58733852026177], "Std": [0.506859980446893, 1.0474511889837612], "InvR": [[19.36009570445646, -18.853466789459624], [-18.853466789459624, 19.36009570445646]], "name": "\u6771\u65e5\u672c\u65c5\u5ba2\u9244\u9053_\u6771\u5317\u7dda"}