{"Avg": [139.60305164364644, 35.39992143922651], "Std": [0.03878550056040367, 0.03198857050163426], "InvR": [[2.729573535214785, -2.172785803739097], [-2.1727858037390972, 2.7295735352147847]], "name": "\u6771\u65e5\u672c\u65c5\u5ba2\u9244\u9053_\u6839\u5cb8\u7dda"}