{"Avg": [139.60369024567223, 35.29629461716387], "Std": [0.05155854936172431, 0.028923360778675578], "InvR": [[8.425474251164232, 7.909686599724874], [7.909686599724874, 8.425474251164232]], "name": "\u6771\u65e5\u672c\u65c5\u5ba2\u9244\u9053_\u6a2a\u9808\u8cc0\u7dda"}