{"Avg": [137.53190295368807, 35.00967645647519], "Std": [0.7775054445349078, 0.23205883158440047], "InvR": [[1.278281418070536, 0.5964243168364989], [0.5964243168364989, 1.2782814180705362]], "name": "\u6771\u6d77\u65c5\u5ba2\u9244\u9053_\u6771\u6d77\u9053\u7dda"}