{"Avg": [138.10632318181817, 35.141300000000015], "Std": [1.3338296432477958, 0.3096663695598278], "InvR": [[1.6213023794611976, -1.0036528414672794], [-1.0036528414672794, 1.6213023794611976]], "name": "\u6771\u6d77\u9053\u65b0\u5e79\u7dda"}