{"Avg": [139.93705009803912, 39.88616702614379], "Std": [0.07092435583524202, 0.03154218975626498], "InvR": [[3.5489071434004433, 3.007629426820773], [3.007629426820773, 3.5489071434004433]], "name": "\u6771\u65e5\u672c\u65c5\u5ba2\u9244\u9053_\u7537\u9e7f\u7dda"}