{"Avg": [137.4917127946715, 35.59983412105416], "Std": [0.28279865609732335, 0.2538791128608638], "InvR": [[13.36033762589338, -12.850614142988226], [-12.850614142988226, 13.360337625893383]], "name": "\u6771\u6d77\u65c5\u5ba2\u9244\u9053_\u4e2d\u592e\u7dda"}