{"Avg": [138.98736969097635, 35.27393739184177], "Std": [0.09492423626079019, 0.08221296068635892], "InvR": [[1.726065675999719, -1.1194807018723667], [-1.119480701872367, 1.7260656759997186]], "name": "\u6771\u6d77\u65c5\u5ba2\u9244\u9053_\u5fa1\u6bbf\u5834\u7dda"}