{"Avg": [140.3513575, 35.772977499999996], "Std": [0.03589716031596656, 0.0033404294259878216], "InvR": [[35.169823258864646, 34.66621763043831], [34.66621763043831, 35.169823258864646]], "name": "\u6771\u6210\u7530\u7dda"}