{"Avg": [139.9283650254094, 35.18029858272165], "Std": [0.09121286825453716, 0.1754745462610247], "InvR": [[1.1002972913233138, -0.33219999694477337], [-0.33219999694477337, 1.1002972913233138]], "name": "\u6771\u65e5\u672c\u65c5\u5ba2\u9244\u9053_\u5185\u623f\u7dda"}