{"Avg": [137.61665832745896, 35.054666233579034], "Std": [1.2173814409700774, 0.25036737927376623], "InvR": [[1.1317698109357197, -0.3861775420836315], [-0.3861775420836314, 1.1317698109357197]], "name": "\u6771\u6d77\u65c5\u5ba2\u9244\u9053_\u6771\u6d77\u9053\u65b0\u5e79\u7dda"}