{"Avg": [139.42508581103658, 35.95379173076929], "Std": [0.14942809879714092, 0.11879112113903686], "InvR": [[28.544543489890874, 28.04008594060262], [28.040085940602616, 28.54454348989087]], "name": "\u6771\u6b66\u9244\u9053_\u6771\u4e0a\u672c\u7dda"}