{"Avg": [139.4708567813456, 35.9113403553211], "Std": [0.09194222954495866, 0.009862090341221092], "InvR": [[1.784472426288105, -1.183160772631704], [-1.183160772631704, 1.7844724262881047]], "name": "\u6771\u65e5\u672c\u65c5\u5ba2\u9244\u9053_\u5ddd\u8d8a\u7dda"}