{"Avg": [137.87204154002026, 36.536698318135734], "Std": [0.03015573138255729, 0.1639440818160901], "InvR": [[1.207775500742112, 0.5009452659230819], [0.5009452659230819, 1.207775500742112]], "name": "\u6771\u65e5\u672c\u65c5\u5ba2\u9244\u9053_\u5927\u7cf8\u7dda"}