{"Avg": [140.03884515267166, 35.332543759542034], "Std": [0.042670048876933826, 0.052896270941987455], "InvR": [[2.159779791790104, 1.5826777806094332], [1.582677780609433, 2.159779791790104]], "name": "\u6771\u65e5\u672c\u65c5\u5ba2\u9244\u9053_\u4e45\u7559\u91cc\u7dda"}