{"Avg": [139.7190750746269, 35.75282746268658], "Std": [0.004113965430287065, 0.01587688419593156], "InvR": [[3.024188887870409, -2.474172496340635], [-2.4741724963406355, 3.024188887870409]], "name": "\u6771\u65e5\u672c\u65c5\u5ba2\u9244\u9053_\u8d64\u7fbd\u7dda_\u57fc\u4eac\u7dda"}