{"Avg": [140.73413026816604, 38.67847174740483], "Std": [0.21581678391775455, 0.06862583479975935], "InvR": [[2.245001184544445, 1.671834062956463], [1.671834062956463, 2.2450011845444444]], "name": "\u6771\u65e5\u672c\u65c5\u5ba2\u9244\u9053_\u9678\u7fbd\u6771\u7dda"}