{"Avg": [139.6662248263888, 35.82932895833331], "Std": [0.030594962161965118, 0.03875758370626687], "InvR": [[12.346383411107348, 11.83582696405111], [11.83582696405111, 12.346383411107345]], "name": "\u6771\u65e5\u672c\u65c5\u5ba2\u9244\u9053_\u6771\u5317\u7dda_\u57fc\u4eac\u7dda"}