{"Avg": [138.6778785297523, 35.77455096087068], "Std": [0.5221752058211284, 0.16382622545566625], "InvR": [[2.540532941440016, 1.9783262332340035], [1.9783262332340037, 2.540532941440015]], "name": "\u6771\u65e5\u672c\u65c5\u5ba2\u9244\u9053_\u4e2d\u592e\u7dda"}