{"Avg": [141.6941468226601, 39.58581117918718], "Std": [0.2500111775977884, 0.11162970077285818], "InvR": [[1.8479237488956868, 1.2517581367169148], [1.2517581367169148, 1.8479237488956868]], "name": "\u6771\u65e5\u672c\u65c5\u5ba2\u9244\u9053_\u5c71\u7530\u7dda"}