{"Avg": [139.73211433737632, 36.65508351519012], "Std": [0.06827244022221672, 0.0698513358451466], "InvR": [[6.057430131620032, 5.534892019528318], [5.534892019528318, 6.057430131620034]], "name": "\u6771\u65e5\u672c\u65c5\u5ba2\u9244\u9053_\u65e5\u5149\u7dda"}