{"Avg": [140.30420695449217, 35.6864555950992], "Std": [0.30773150509618724, 0.03945594131191423], "InvR": [[1.0417546106477404, -0.2085618808845108], [-0.20856188088451078, 1.0417546106477404]], "name": "\u6771\u65e5\u672c\u65c5\u5ba2\u9244\u9053_\u7dcf\u6b66\u7dda"}