{"Avg": [136.66857767411156, 35.01979902944163], "Std": [0.11619152175686119, 0.10645662276957077], "InvR": [[13.379475301460346, -12.869766277634069], [-12.869766277634069, 13.379475301460346]], "name": "\u6771\u6d77\u65c5\u5ba2\u9244\u9053_\u95a2\u897f\u7dda"}