{"Avg": [139.78590549999998, 35.779016000000006], "Std": [0.0028453690006773787, 0.0007077810395886035], "InvR": [[1.3664885747778865, 0.7076739716992658], [0.7076739716992658, 1.3664885747778868]], "name": "\u6771\u6b66\u9244\u9053_\u5927\u5e2b\u7dda"}