{"Avg": [140.7968961810614, 39.659683381893885], "Std": [0.1751079520218145, 0.06092961035328525], "InvR": [[2.571166707851128, -2.0099083391316332], [-2.0099083391316332, 2.5711667078511278]], "name": "\u6771\u65e5\u672c\u65c5\u5ba2\u9244\u9053_\u7530\u6ca2\u6e56\u7dda"}