{"Avg": [136.34867545197747, 34.59055118644068], "Std": [0.08898506344982075, 0.04283115241216303], "InvR": [[1.4278101430413435, -0.7815572029803053], [-0.7815572029803053, 1.4278101430413435]], "name": "\u6771\u6d77\u65c5\u5ba2\u9244\u9053_\u540d\u677e\u7dda"}