{"Avg": [140.3327002412612, 39.14778594041502], "Std": [0.15693620754644055, 0.978671375809216], "InvR": [[1.0938325306273184, -0.3203702146443155], [-0.32037021464431553, 1.0938325306273184]], "name": "\u6771\u65e5\u672c\u65c5\u5ba2\u9244\u9053_\u5965\u7fbd\u7dda"}