{"Avg": [140.26631479245282, 38.34874871698114], "Std": [0.0308050314080558, 0.04625023747267034], "InvR": [[2.875597523130848, 2.3223831707763947], [2.3223831707763947, 2.8755975231308484]], "name": "\u6771\u65e5\u672c\u65c5\u5ba2\u9244\u9053_\u5de6\u6ca2\u7dda"}