{"Avg": [141.28505672646213, 38.46980688034292], "Std": [0.10421457080685345, 0.042335099820076404], "InvR": [[8.339448417776602, 7.8234871697332045], [7.8234871697332045, 8.339448417776602]], "name": "\u6771\u65e5\u672c\u65c5\u5ba2\u9244\u9053_\u77f3\u5dfb\u7dda"}