{"Avg": [139.24963055028473, 36.00056184060718], "Std": [0.09673492113370102, 0.18207090984067487], "InvR": [[8.93821225355789, 8.423385663502208], [8.423385663502208, 8.93821225355789]], "name": "\u6771\u65e5\u672c\u65c5\u5ba2\u9244\u9053_\u516b\u9ad8\u7dda"}