{"Avg": [139.29131760473584, 36.17097963570128], "Std": [0.19963704739895227, 0.11597836147832485], "InvR": [[34.557167851812544, 34.053497354699616], [34.053497354699616, 34.557167851812544]], "name": "\u6771\u65e5\u672c\u65c5\u5ba2\u9244\u9053_\u9ad8\u5d0e\u7dda"}