{"Avg": [136.88437992805746, 35.21917438848923], "Std": [0.031613633601520794, 0.008863046483652099], "InvR": [[3.055714742082729, -2.5063275609742215], [-2.5063275609742215, 3.055714742082729]], "name": "\u6771\u6d77\u4ea4\u901a\u4e8b\u696d_\u57ce\u5317\u7dda"}