{"Avg": [137.07229499999985, 35.390336517857136], "Std": [0.02612823889696981, 0.03911121804751684], "InvR": [[15.922606496555831, 15.414499380375807], [15.414499380375807, 15.922606496555831]], "name": "\u6771\u6d77\u65c5\u5ba2\u9244\u9053_\u592a\u591a\u7dda"}