{"Avg": [140.09624602254442, 36.34045487922707], "Std": [0.1295146561162648, 0.025000400870085145], "InvR": [[4.191474624892396, -3.657456070306854], [-3.657456070306854, 4.191474624892396]], "name": "\u6771\u65e5\u672c\u65c5\u5ba2\u9244\u9053_\u6c34\u6238\u7dda"}