{"Avg": [139.70853294428136, 36.43872364809387], "Std": [0.03520205046030427, 0.1943764760408772], "InvR": [[1.0272522568346727, -0.16731689196627975], [-0.16731689196627972, 1.0272522568346727]], "name": "\u6771\u6b66\u9244\u9053_\u65e5\u5149\u7dda"}