{"Avg": [137.40398857142858, 34.76441964285714], "Std": [0.014470582897305715, 0.0020881288311080416], "InvR": [[1.0710361262483457, 0.2758301243169728], [0.2758301243169728, 1.071036126248346]], "name": "\u6771\u7530\u672c\u7dda"}