{"Avg": [141.372060625, 43.06397468749999], "Std": [0.0148619646534172, 0.027425878744396993], "InvR": [[1.4666360396281481, 0.8272757902344239], [0.8272757902344239, 1.466636039628148]], "name": "\u6771\u8c4a\u7dda"}