{"Avg": [140.04739905325448, 35.71854869822484], "Std": [0.052320604461099394, 0.008620214481883081], "InvR": [[3.264460529307439, -2.7188677823864045], [-2.718867782386405, 3.264460529307439]], "name": "\u6771\u8449\u9ad8\u901f\u9244\u9053_\u6771\u8449\u9ad8\u901f\u7dda"}