{"Avg": [138.90721667429827, 38.562521648947374], "Std": [2.6694568090455197, 3.5336446416189666], "InvR": [[5.028708993423105, -4.501022677915688], [-4.501022677915688, 5.028708993423105]], "name": "\u6771\u897f\u7dda"}