{"Avg": [140.04754166666666, 35.71843958333334], "Std": [0.0571124730733666, 0.007977318095265959], "InvR": [[2.0685317870668114, -1.4867050706306895], [-1.4867050706306897, 2.068531787066811]], "name": "\u6771\u8449\u9ad8\u901f\u7dda"}