{"Avg": [140.35581416666668, 35.556778333333334], "Std": [0.03826971919989746, 0.030591493597985197], "InvR": [[33.40202352609014, -32.89822414829392], [-32.89822414829392, 33.40202352609014]], "name": "\u6771\u91d1\u7dda"}