{"Avg": [137.06379444444445, 35.17583722222222], "Std": [0.028009267954696743, 0.0035367291944759034], "InvR": [[1.0012920512556789, -0.03596832845888233], [-0.03596832845888233, 1.0012920512556789]], "name": "\u6771\u90e8\u4e18\u9675\u7dda"}