{"Avg": [129.71221816916483, 33.28020693076379], "Std": [0.08454434781017627, 0.06350578043405491], "InvR": [[1.0744285243510878, 0.28278636740155677], [0.28278636740155677, 1.0744285243510878]], "name": "\u677e\u6d66\u9244\u9053_\u897f\u4e5d\u5dde\u7dda"}