{"Avg": [143.67733000000007, 43.098316323529424], "Std": [1.0974457355076024, 0.21365489518837175], "InvR": [[1.0853081062875727, 0.30427878546810416], [0.30427878546810416, 1.0853081062875727]], "name": "\u6839\u5ba4\u7dda"}