{"Avg": [139.60635742424247, 35.41002184848485], "Std": [0.03779491031393057, 0.037920199265971205], "InvR": [[3.198659932366358, -2.6519361663810073], [-2.6519361663810077, 3.198659932366358]], "name": "\u6839\u5cb8\u7dda"}