{"Avg": [139.32711687499997, 36.361056875], "Std": [0.029630522949051788, 0.041846305126430984], "InvR": [[9.248804817081083, 8.734505465530443], [8.734505465530443, 9.248804817081083]], "name": "\u6850\u751f\u7dda"}