{"Avg": [135.82085906250003, 34.5741984375], "Std": [0.027876156406438955, 0.05954646290447122], "InvR": [[1.0871553408996988, -0.3078171443357913], [-0.3078171443357913, 1.0871553408996988]], "name": "\u685c\u4e95\u7dda"}