{"Avg": [135.446281, 34.67172000000001], "Std": [0.014115457094971596, 0.008241292374378694], "InvR": [[23.34895643474611, -22.84348507029796], [-22.84348507029796, 23.348956434746114]], "name": "\u685c\u5cf6\u7dda"}