{"Avg": [129.8761966666667, 32.75091333333334], "Std": [0.003544473005804328, 0.0012594002099761347], "InvR": [[36.74871645851823, 36.245267896513745], [36.24526789651375, 36.748716458518224]], "name": "\u685c\u753a\u652f\u7dda"}