{"Avg": [133.54755235294118, 33.548845882352936], "Std": [0.003581949074113159, 0.00630778329556407], "InvR": [[28.21833653082363, 27.71382651378174], [27.71382651378174, 28.21833653082363]], "name": "\u685f\u6a4b\u7dda"}