{"Avg": [132.448716705, 34.40272110083333], "Std": [0.0014339228340219303, 0.0047833905719177295], "InvR": [[253.56756412745318, -253.0670701877323], [-253.0670701877323, 253.56756412745318]], "name": "\u6a2a\u5ddd\u7dda"}