{"Avg": [139.63182500000002, 35.4563025], "Std": [0.008051550427445285, 0.007028020258223198], "InvR": [[14.55427153607745, 14.045374626893967], [14.045374626893967, 14.55427153607745]], "name": "\u6a2a\u6d5c\u9ad8\u901f\u9244\u9053_\u307f\u306a\u3068\u307f\u3089\u304421\u7dda"}