{"Avg": [132.8271374193548, 33.809807096774186], "Std": [0.04057786763406209, 0.014095372654916064], "InvR": [[9.809563734146188, 9.296126984940015], [9.296126984940015, 9.80956373414619]], "name": "\u6a2a\u6cb3\u539f\u7dda"}