{"Avg": [139.59407229885056, 35.54692578160918], "Std": [0.0321835273793487, 0.01202195739357764], "InvR": [[1.9484565925013675, -1.3594213843987712], [-1.3594213843987712, 1.9484565925013673]], "name": "\u6a2a\u6d5c\u5e02_4\u53f7\u7dda"}