{"Avg": [139.55930546623793, 35.41267225080388], "Std": [0.05131084131407485, 0.014747633307804583], "InvR": [[1.9940816645207486, -1.4079346647686075], [-1.4079346647686073, 1.9940816645207489]], "name": "\u6a2a\u6d5c\u5e02_1\u53f7\u7dda"}