{"Avg": [139.63810567010302, 35.349398402061865], "Std": [0.008242331131972862, 0.016977521191184234], "InvR": [[1.013710030954378, -0.11788976165531881], [-0.11788976165531881, 1.0137100309543778]], "name": "\u6a2a\u6d5c\u30b7\u30fc\u30b5\u30a4\u30c9\u30e9\u30a4\u30f3_\u91d1\u6ca2\u30b7\u30fc\u30b5\u30a4\u30c9\u30e9\u30a4\u30f3"}