{"Avg": [139.6017508888888, 35.50962946031746], "Std": [0.021017005778852137, 0.036373920607265686], "InvR": [[4.124155223641929, 3.589498723366687], [3.589498723366687, 4.124155223641928]], "name": "\u6a2a\u6d5c\u5e02_3\u53f7\u7dda"}