{"Avg": [139.46773774193548, 35.553396290322574], "Std": [0.10940041366937518, 0.0462689102834608], "InvR": [[7.013486950743564, 6.4942676459710755], [6.4942676459710755, 7.013486950743564]], "name": "\u6a2a\u6d5c\u7dda"}