{"Avg": [139.59279202848484, 35.301654174848494], "Std": [0.05340849822651111, 0.03256838924525501], "InvR": [[7.570467523170088, 7.0527661946361855], [7.052766194636185, 7.57046752317009]], "name": "\u6a2a\u9808\u8cc0\u7dda"}