{"Avg": [136.64456930232564, 35.48502720930233], "Std": [0.01957370476220343, 0.08678045207291446], "InvR": [[1.0682529410274044, 0.2700211195190014], [0.2700211195190014, 1.0682529410274044]], "name": "\u6a3d\u898b\u7dda"}