{"Avg": [136.64547617187495, 35.52030609375002], "Std": [0.017563040691014498, 0.07320360845821533], "InvR": [[1.8679745175343352, 1.2733241066685643], [1.2733241066685643, 1.8679745175343352]], "name": "\u6a3d\u898b\u9244\u9053_\u6a3d\u898b\u7dda"}