{"Avg": [135.78723852941178, 34.58535058823529], "Std": [0.005027680515582069, 0.06675746007844092], "InvR": [[4.307505407055434, 3.774532742573094], [3.774532742573094, 4.307505407055434]], "name": "\u6a7f\u539f\u7dda"}