{"Avg": [135.3782975, 34.711251250000004], "Std": [0.0023097118326758552, 0.004947086105728882], "InvR": [[22.878974448914995, -22.373388151667825], [-22.373388151667825, 22.878974448914995]], "name": "\u6b66\u5eab\u5ddd\u7dda"}