{"Avg": [139.76641639189194, 35.795330864864866], "Std": [0.18031609776534008, 0.06858319636433775], "InvR": [[1.0163146989068528, -0.12876672049591822], [-0.12876672049591822, 1.0163146989068526]], "name": "\u6b66\u8535\u91ce\u7dda"}