{"Avg": [136.95158130434783, 34.933150434782604], "Std": [0.02016452573949233, 0.05079896759292073], "InvR": [[5.181103151233842, -4.654323443046411], [-4.654323443046411, 5.181103151233841]], "name": "\u6b66\u8c4a\u7dda"}