{"Avg": [135.85325922222222, 35.06794911111111], "Std": [0.008447551489802283, 0.0011423803068298989], "InvR": [[6.8685099066253885, -6.3488517411249825], [-6.3488517411249825, 6.868509906625389]], "name": "\u6bd4\u53e1\u5c71\u9244\u9053\u7dda"}