{"Avg": [135.8541845609756, 35.067550243902446], "Std": [0.006805590220272526, 0.0010211147132350342], "InvR": [[1.6759729792049458, -1.0643835999394937], [-1.0643835999394937, 1.675972979204946]], "name": "\u6bd4\u53e1\u5c71\u9244\u9053_\u6bd4\u53e1\u5c71\u9244\u9053\u7dda"}