{"Avg": [141.45088232377356, 38.724578495849045], "Std": [0.13003190311011817, 0.11715909310552754], "InvR": [[7.603675665344358, -7.0860572929101835], [-7.0860572929101835, 7.6036756653443565]], "name": "\u6c17\u4ed9\u6cbc\u7dda"}