{"Avg": [133.74561931506855, 34.56137520547946], "Std": [0.005897838082842036, 0.024290751642728665], "InvR": [[1.5963411926227589, -0.9756864304895772], [-0.9756864304895772, 1.5963411926227584]], "name": "\u6c34\u5cf6\u81e8\u6d77\u9244\u9053_\u6c34\u5cf6\u672c\u7dda"}