{"Avg": [133.74614761904763, 34.5585642857143], "Std": [0.007204907655970413, 0.026256866960569003], "InvR": [[2.0107220370108583, -1.4255809598582034], [-1.4255809598582034, 2.0107220370108583]], "name": "\u6c34\u5cf6\u672c\u7dda"}