{"Avg": [130.72303714285712, 32.795965], "Std": [0.0066240982443663225, 0.004233540817938719], "InvR": [[260.8889343791633, 260.38845432759916], [260.38845432759916, 260.8889343791633]], "name": "\u6c34\u524d\u5bfa\u7dda"}