{"Avg": [140.05217027777778, 36.33079194444445], "Std": [0.16943438493158763, 0.02756063545665634], "InvR": [[3.822421173663882, -3.2845825389553065], [-3.2845825389553065, 3.8224211736638822]], "name": "\u6c34\u6238\u7dda"}