{"Avg": [135.37322523809524, 34.42353047619048], "Std": [0.009767708518647191, 0.013370443051457025], "InvR": [[85.19081687312766, 84.68934090331348], [84.68934090331348, 85.19081687312767]], "name": "\u6c34\u9593\u7dda"}