{"Avg": [140.4302419791667, 36.78384604166668], "Std": [0.046780816082818845, 0.305733076948801], "InvR": [[1.4672004105883947, 0.8279351630667459], [0.8279351630667461, 1.4672004105883947]], "name": "\u6c34\u90e1\u7dda"}