{"Avg": [135.37269210526316, 34.424500657894725], "Std": [0.009378489289718524, 0.0122268571224773], "InvR": [[86.78049544081153, 86.27904666552536], [86.27904666552536, 86.78049544081155]], "name": "\u6c34\u9593\u9244\u9053_\u6c34\u9593\u7dda"}