{"Avg": [137.02934714285715, 36.79172619047618], "Std": [0.022156642160689768, 0.03680616427101138], "InvR": [[1.0916765568771765, 0.31635604618535534], [0.31635604618535534, 1.0916765568771765]], "name": "\u6c37\u898b\u7dda"}