{"Avg": [139.50933877483448, 35.31277519867552], "Std": [0.022358797833334745, 0.008292290071470016], "InvR": [[1.155431012759449, 0.4237803823761513], [0.42378038237615123, 1.155431012759449]], "name": "\u6c5f\u30ce\u5cf6\u96fb\u9244_\u6c5f\u30ce\u5cf6\u96fb\u9244\u7dda"}