{"Avg": [139.51112222222224, 35.329701666666665], "Std": [0.016196809547135774, 0.014827235544392059], "InvR": [[21.401749454064785, -20.89576823762404], [-20.89576823762404, 21.40174945406479]], "name": "\u6c5f\u306e\u5cf6\u7dda"}