{"Avg": [139.50952184210527, 35.31656736842105], "Std": [0.024191283864808583, 0.010717516327614297], "InvR": [[1.2615570336892339, 0.574429382571561], [0.574429382571561, 1.2615570336892337]], "name": "\u6c5f\u30ce\u5cf6\u96fb\u9244\u7dda"}