{"Avg": [139.46211815789474, 35.42590368421052], "Std": [0.014622733896458453, 0.0738119336529293], "InvR": [[8.158331092545055, 7.641991567846849], [7.641991567846849, 8.158331092545055]], "name": "\u6c5f\u30ce\u5cf6\u7dda"}