{"Avg": [132.44135599999998, 34.383282], "Std": [0.0036459672699230053, 0.007245826568906171], "InvR": [[85.10245410561187, -84.60097659419874], [-84.60097659419874, 85.10245410561187]], "name": "\u6c5f\u6ce2\u7dda"}