{"Avg": [139.70138264705884, 35.59302882352941], "Std": [0.014201584275504255, 0.020134304318267852], "InvR": [[1.2115817929801866, -0.5063088465560296], [-0.5063088465560296, 1.2115817929801866]], "name": "\u6c60\u4e0a\u7dda"}