{"Avg": [139.4613776923077, 35.804509010989], "Std": [0.1395481613588326, 0.05746622706310256], "InvR": [[21.47419481181352, 20.96823426051667], [20.96823426051667, 21.47419481181352]], "name": "\u6c60\u888b\u7dda"}