{"Avg": [127.68784666666667, 26.21377166666667], "Std": [0.02043964926857235, 0.010797200588835931], "InvR": [[2.755411859377337, -2.1992913984781413], [-2.1992913984781413, 2.755411859377338]], "name": "\u6c96\u7e04\u90fd\u5e02\u30e2\u30ce\u30ec\u30fc\u30eb\u7dda"}