{"Avg": [127.68270012931033, 26.2111646551724], "Std": [0.01926526097894177, 0.011233677425571083], "InvR": [[3.3729516960092405, -2.8291078890000585], [-2.8291078890000594, 3.3729516960092405]], "name": "\u6c96\u7e04\u90fd\u5e02\u30e2\u30ce\u30ec\u30fc\u30eb_\u6c96\u7e04\u90fd\u5e02\u30e2\u30ce\u30ec\u30fc\u30eb\u7dda"}