{"Avg": [136.91643565217396, 34.907761739130436], "Std": [0.00868424051200136, 0.06132201102463834], "InvR": [[1.364743404298395, 0.7055360765244947], [0.7055360765244947, 1.364743404298395]], "name": "\u6cb3\u548c\u7dda"}