{"Avg": [138.78198285714285, 35.490249999999996], "Std": [0.009631677964306964, 0.0054747524405864825], "InvR": [[57.168563128637324, 56.6663572771742], [56.6663572771742, 57.168563128637324]], "name": "\u6cb3\u53e3\u6e56\u7dda"}