{"Avg": [135.4972674850299, 34.506299640718574], "Std": [0.016356644924797038, 0.027797410509049655], "InvR": [[1.9791343873631877, -1.3920626910740308], [-1.3920626910740308, 1.9791343873631877]], "name": "\u6cc9\u5317\u9ad8\u901f\u9244\u9053_\u6cc9\u5317\u9ad8\u901f\u9244\u9053\u7dda"}