{"Avg": [135.48715588235294, 34.49416705882353], "Std": [0.020770107779273267, 0.03063269337022338], "InvR": [[2.0801009698973663, -1.4989059593819078], [-1.4989059593819078, 2.0801009698973663]], "name": "\u6cc9\u5317\u9ad8\u901f\u9244\u9053\u7dda"}