{"Avg": [136.7843161111111, 35.19361833333333], "Std": [0.03772065734358404, 0.006155162467393055], "InvR": [[1.8745231986949507, -1.2803569907453929], [-1.280356990745393, 1.8745231986949507]], "name": "\u6d25\u5cf6\u7dda"}