{"Avg": [133.94767609756093, 34.86932487804878], "Std": [0.0242809924535037, 0.1321133223119538], "InvR": [[1.435602280735861, -0.790791772667208], [-0.790791772667208, 1.4356022807358613]], "name": "\u6d25\u5c71\u7dda"}