{"Avg": [140.60904135135132, 41.012166756756756], "Std": [0.08335369526535634, 0.11412126222656326], "InvR": [[14.133950156362241, 13.624778782283768], [13.624778782283768, 14.13395015636224]], "name": "\u6d25\u8efd\u7dda"}