{"Avg": [140.45712708333332, 40.88459666666667], "Std": [0.015059051950893373, 0.05374246665554342], "InvR": [[1.8874982855031839, 1.2942764358027514], [1.2942764358027514, 1.8874982855031834]], "name": "\u6d25\u8efd\u9244\u9053\u7dda"}