{"Avg": [140.45913362318848, 40.88530468599033], "Std": [0.014508110072886661, 0.046894087498241074], "InvR": [[2.0554233871730383, 1.4728686001693592], [1.472868600169359, 2.0554233871730383]], "name": "\u6d25\u8efd\u9244\u9053_\u6d25\u8efd\u9244\u9053\u7dda"}