{"Avg": [139.9113566666667, 35.83717583333334], "Std": [0.007439737151863783, 0.01466009234755726], "InvR": [[3.6155498688396634, 3.075166822341], [3.075166822341, 3.6155498688396634]], "name": "\u6d41\u5c71\u7dda"}