{"Avg": [139.91217457142852, 35.83666828571429], "Std": [0.007146468195791225, 0.012038006357418083], "InvR": [[3.844713470531261, 3.307129903700983], [3.307129903700983, 3.844713470531261]], "name": "\u6d41\u9244_\u6d41\u5c71\u7dda"}