{"Avg": [136.64415586206897, 36.609854482758614], "Std": [0.005743926037633013, 0.018104129760571425], "InvR": [[7.550947289251989, 7.033196831868846], [7.033196831868847, 7.550947289251989]], "name": "\u6d45\u91ce\u5ddd\u7dda"}