{"Avg": [140.5153825, 41.36462], "Std": [0.08147427396883919, 0.3129752518171363], "InvR": [[19850.7457655661, 19850.245759268946], [19850.245759268946, 19850.7457655661]], "name": "\u6d77\u5ce1\u7dda"}