{"Avg": [135.17264571428572, 34.66962666666667], "Std": [0.016331492968646513, 0.015502527392510948], "InvR": [[4.686705510637068, -4.156741877095424], [-4.156741877095424, 4.686705510637068]], "name": "\u6d77\u5cb8\u7dda"}