{"Avg": [133.92610642857144, 34.65868357142857], "Std": [0.0003706482187228264, 0.004421555329362616], "InvR": [[1.0863095873539872, 0.3062008037598903], [0.3062008037598903, 1.0863095873539872]], "name": "\u6e05\u8f1d\u6a4b\u7dda"}