{"Avg": [137.35081636363637, 34.70968939393939], "Std": [0.04095266290362709, 0.03157429659855217], "InvR": [[5.518838286707416, -4.993870017143041], [-4.993870017143041, 5.5188382867074175]], "name": "\u6e25\u7f8e\u7dda"}