{"Avg": [140.57517758349996, 36.3697430175], "Std": [0.03480961341878492, 0.016599935940689477], "InvR": [[1.3956538016800046, 0.7430987366856743], [0.7430987366856743, 1.3956538016800046]], "name": "\u6e4a\u7dda"}