{"Avg": [135.9669891044776, 35.24537149253731], "Std": [0.08623249032271926, 0.1577361667445514], "InvR": [[32.42224316310529, -31.918327157989072], [-31.918327157989072, 32.4222431631053]], "name": "\u6e56\u897f\u7dda"}