{"Avg": [139.51018213114747, 35.32696191256833], "Std": [0.012741340157538623, 0.01114914587397331], "InvR": [[15.273683075054587, -14.765219659800337], [-14.765219659800337, 15.27368307505459]], "name": "\u6e58\u5357\u30e2\u30ce\u30ec\u30fc\u30eb_\u6c5f\u306e\u5cf6\u7dda"}