{"Avg": [140.7594421875, 41.782124375], "Std": [0.018415074961557094, 0.005261461855737592], "InvR": [[1.2344084793901446, -0.537918037065262], [-0.537918037065262, 1.2344084793901446]], "name": "\u6e6f\u306e\u5ddd\u7dda"}