{"Avg": [136.54649799999999, 34.9907865], "Std": [0.046382324930947516, 0.018593036135876102], "InvR": [[15.85138202822838, 15.34323727824781], [15.34323727824781, 15.85138202822838]], "name": "\u6e6f\u306e\u5c71\u7dda"}