{"Avg": [130.87573964285716, 32.23918499999999], "Std": [0.07092870144841283, 0.025902989278680878], "InvR": [[7.086217834773075, -6.567211384376396], [-6.567211384376396, 7.086217834773076]], "name": "\u6e6f\u524d\u7dda"}