{"Avg": [136.98972050000003, 35.203275749999996], "Std": [0.06159628312447212, 0.015715372233500936], "InvR": [[20.35874067598478, -19.85244522057705], [-19.85244522057705, 20.358740675984784]], "name": "\u702c\u6238\u7dda"}