{"Avg": [135.76263589285713, 35.013672678571425], "Std": [0.0073450811472677135, 0.031362954915625005], "InvR": [[1.6921815091054464, -1.08226463984228], [-1.08226463984228, 1.6921815091054466]], "name": "\u70cf\u4e38\u7dda"}