{"Avg": [140.07189875, 36.65046187499999], "Std": [0.05981244340383713, 0.009680987306797789], "InvR": [[1.0338817273563483, -0.1871622259030872], [-0.1871622259030872, 1.0338817273563483]], "name": "\u70cf\u5c71\u7dda"}