{"Avg": [137.60584714285713, 36.575177142857136], "Std": [0.01636402562617111, 0.0034658938829915517], "InvR": [[193.39134574805036, 192.89069771374125], [192.89069771374125, 193.39134574805036]], "name": "\u7121\u8ecc\u6761\u96fb\u8eca\u7dda"}