{"Avg": [130.74670935897439, 32.78323884615386], "Std": [0.008902586103637176, 0.003324077655287166], "InvR": [[22.665722470405708, 22.160082414897477], [22.16008241489748, 22.665722470405708]], "name": "\u718a\u672c\u5e02_\u5065\u8ecd\u7dda"}