{"Avg": [130.6894305882353, 32.78751176470588], "Std": [0.0005630324469589429, 0.0017803510403819314], "InvR": [[12.638685689745069, -12.128383662896788], [-12.128383662896788, 12.638685689745067]], "name": "\u718a\u672c\u5e02_\u7530\u5d0e\u7dda"}