{"Avg": [130.72588851648345, 32.84560813186813], "Std": [0.014128938758326407, 0.02071858211513817], "InvR": [[8.097148992605392, -7.580677596088962], [-7.580677596088963, 8.097148992605392]], "name": "\u718a\u672c\u96fb\u6c17\u9244\u9053_\u83ca\u6c60\u7dda"}