{"Avg": [130.71679024390244, 32.816838780487814], "Std": [0.0031640430201208872, 0.005323679818083653], "InvR": [[11.362475957758694, -10.850962350542261], [-10.850962350542261, 11.362475957758694]], "name": "\u718a\u672c\u96fb\u6c17\u9244\u9053_\u85e4\u5d0e\u7dda"}