{"Avg": [130.69868154022987, 32.80636468965516], "Std": [0.0027244085968137393, 0.00675120570638267], "InvR": [[1.0732745122307876, 0.2804347809624324], [0.2804347809624324, 1.0732745122307876]], "name": "\u718a\u672c\u5e02_\u4e0a\u718a\u672c\u7dda"}