{"Avg": [130.70168867346942, 32.79747897959183], "Std": [0.006030845481348723, 0.004239722143811768], "InvR": [[8.792754070281052, -8.277666946076229], [-8.277666946076229, 8.792754070281052]], "name": "\u718a\u672c\u5e02_\u5e79\u7dda"}