{"Avg": [130.72246436363636, 32.79634036363637], "Std": [0.005747684360168617, 0.0037275348732657737], "InvR": [[181.9736464409983, 181.4729576344433], [181.4729576344433, 181.9736464409983]], "name": "\u718a\u672c\u5e02_\u6c34\u524d\u5bfa\u7dda"}