{"Avg": [135.68178209090908, 34.757652709090905], "Std": [0.08868766494989366, 0.050212380175219555], "InvR": [[2.1318740274578927, -1.5533875374457087], [-1.5533875374457087, 2.1318740274578927]], "name": "\u7247\u753a\u7dda"}