{"Avg": [134.54300387096768, 33.84917032258064], "Std": [0.09663188454553645, 0.1508293570077779], "InvR": [[2.056248823543272, -1.473740275889825], [-1.473740275889825, 2.056248823543272]], "name": "\u725f\u5c90\u7dda"}