{"Avg": [136.89580916666665, 35.30733333333333], "Std": [0.030169399082053995, 0.06309806239321326], "InvR": [[3.1261303433387844, -2.578092430500636], [-2.5780924305006367, 3.126130343338784]], "name": "\u72ac\u5c71\u7dda"}