{"Avg": [139.44352375, 35.78213375], "Std": [0.014685368515542602, 0.007189302708711353], "InvR": [[53.85411513464492, -53.35177224611142], [-53.35177224611143, 53.85411513464491]], "name": "\u72ed\u5c71\u7dda"}