{"Avg": [133.9680015909091, 34.270310454545445], "Std": [0.07927983010981725, 0.04572606676297021], "InvR": [[8.286962746232572, -7.770893694499619], [-7.770893694499619, 8.286962746232573]], "name": "\u7434\u5e73\u7dda"}