{"Avg": [130.5771129493088, 33.40737525345621], "Std": [0.03515166315607222, 0.0077190132159444345], "InvR": [[1.0637935957512148, -0.2605056978457169], [-0.2605056978457169, 1.0637935957512146]], "name": "\u7518\u6728\u9244\u9053_\u7518\u6728\u7dda"}