{"Avg": [130.5893524074074, 33.38747981481481], "Std": [0.04168942040655037, 0.03248191379890922], "InvR": [[1.100630946694328, -0.3328025452530746], [-0.3328025452530746, 1.100630946694328]], "name": "\u7518\u6728\u7dda"}