{"Avg": [135.68654307692307, 34.683896153846156], "Std": [0.0051077382991438595, 0.004230778321668211], "InvR": [[73.77418290749748, -73.27247696619375], [-73.27247696619375, 73.77418290749746]], "name": "\u751f\u99d2\u92fc\u7d22\u7dda"}