{"Avg": [135.70388615384616, 34.64663], "Std": [0.004363068853740904, 0.032961712520858215], "InvR": [[1.1152654587331274, -0.35854091078994826], [-0.35854091078994826, 1.1152654587331274]], "name": "\u751f\u99d2\u7dda"}