{"Avg": [130.8922615909091, 33.65724522727273], "Std": [0.06017937093477411, 0.030221953751944693], "InvR": [[1.9279051083037344, -1.337502522734032], [-1.337502522734032, 1.9279051083037348]], "name": "\u7530\u5ddd\u7dda"}