{"Avg": [135.74932, 34.57611941176471], "Std": [0.027676545389655704, 0.012774534627456525], "InvR": [[14.612158682567632, 14.103298290895253], [14.103298290895253, 14.61215868256763]], "name": "\u7530\u539f\u672c\u7dda"}