{"Avg": [130.689365, 32.78730166666666], "Std": [0.0007612872869870009, 0.0021383437256183822], "InvR": [[35.40810405038849, -34.9045230363165], [-34.9045230363165, 35.40810405038848]], "name": "\u7530\u5d0e\u7dda"}