{"Avg": [139.5820426086957, 35.58464228260869], "Std": [0.06649862919263036, 0.04215538242758329], "InvR": [[99.87254059871714, -99.37128269798917], [-99.37128269798917, 99.87254059871711]], "name": "\u7530\u5712\u90fd\u5e02\u7dda"}