{"Avg": [140.7377197297297, 39.623419729729726], "Std": [0.2190526738146134, 0.08405616264323172], "InvR": [[3.651499145663245, -3.111582694564964], [-3.111582694564964, 3.651499145663245]], "name": "\u7530\u6ca2\u6e56\u7dda"}