{"Avg": [140.09458415662638, 39.30650072289158], "Std": [0.02991003854250349, 0.046090935562686376], "InvR": [[10.812571463433132, 10.300443203494469], [10.300443203494467, 10.812571463433132]], "name": "\u7531\u5229\u9ad8\u539f\u9244\u9053_\u9ce5\u6d77\u5c71\u308d\u304f\u7dda"}