{"Avg": [135.32986181818183, 34.75539909090909], "Std": [0.0010987002087719288, 0.007190568892078653], "InvR": [[12.67640146854949, -12.166131378679673], [-12.166131378679673, 12.67640146854949]], "name": "\u7532\u967d\u7dda"}