{"Avg": [139.9557347368421, 39.88022736842105], "Std": [0.06629558692691209, 0.03130043060778386], "InvR": [[2.2745433140061357, 1.7026461679644065], [1.7026461679644063, 2.2745433140061353]], "name": "\u7537\u9e7f\u7dda"}