{"Avg": [141.87650346153848, 43.82207653846154], "Std": [0.12943763042016243, 0.06839684574049038], "InvR": [[16.085851005936213, 15.577828846769464], [15.577828846769465, 16.085851005936213]], "name": "\u7559\u840c\u7dda"}