{"Avg": [132.46481666666668, 34.398675833333336], "Std": [0.000984279206098296, 0.003472524197979848], "InvR": [[6.800460543735727, -6.28058938820002], [-6.280589388200019, 6.800460543735727]], "name": "\u767d\u5cf6\u7dda"}