{"Avg": [139.18792814814813, 37.926140740740735], "Std": [0.09406873649337218, 0.014322942467691297], "InvR": [[5.335574505923778, -4.809654956682443], [-4.809654956682443, 5.335574505923778]], "name": "\u767d\u65b0\u7dda"}