{"Avg": [132.469908125, 34.384284375], "Std": [0.0035564610548088614, 0.0060509812930938855], "InvR": [[73.69390765593434, -73.19219984359975], [-73.19219984359975, 73.69390765593434]], "name": "\u7686\u5b9f\u7dda"}