{"Avg": [130.7958275, 33.851625], "Std": [0.0006437148048611957, 0.004893641282317186], "InvR": [[364.6906727168737, -364.1903294899097], [-364.1903294899097, 364.6906727168737]], "name": "\u76bf\u5009\u5c71\u30b1\u30fc\u30d6\u30eb\u30ab\u30fc"}