{"Avg": [130.79616, 33.8519147368421], "Std": [0.0005389854016173508, 0.003312067836231852], "InvR": [[4.650714989787805, -4.120489646443633], [-4.120489646443634, 4.650714989787805]], "name": "\u76bf\u5009\u767b\u5c71\u9244\u9053_\u76bf\u5009\u5c71\u30b1\u30fc\u30d6\u30eb\u30ab\u30fc"}