{"Avg": [139.69440055555557, 35.6142988888889], "Std": [0.016522978771068987, 0.010787872248703046], "InvR": [[18.17721289616197, -17.670140230802783], [-17.670140230802783, 18.177212896161972]], "name": "\u76ee\u9ed2\u7dda"}