{"Avg": [139.475775, 35.62881899999999], "Std": [0.06574722744724676, 0.013777171298927379], "InvR": [[5.71650202333583, -5.192484314802194], [-5.192484314802194, 5.716502023335831]], "name": "\u76f8\u6a21\u539f\u7dda"}