{"Avg": [139.49632797979788, 35.465902121212125], "Std": [0.07244071418530071, 0.00665353525270928], "InvR": [[1.0001840756371627, -0.013568696363426686], [-0.013568696363426686, 1.0001840756371627]], "name": "\u76f8\u6a21\u9244\u9053_\u672c\u7dda"}