{"Avg": [139.4987510062893, 35.426800314465396], "Std": [0.0190027190108415, 0.019300407576150112], "InvR": [[8.41310478402206, -7.897292404546814], [-7.897292404546814, 8.413104784022059]], "name": "\u76f8\u6a21\u9244\u9053_\u3044\u305a\u307f\u91ce\u7dda"}