{"Avg": [139.3782543902439, 35.463685365853664], "Std": [0.017939810485004874, 0.08811188569356507], "InvR": [[4.10250305329059, 3.5676362271072457], [3.5676362271072457, 4.10250305329059]], "name": "\u76f8\u6a21\u7dda"}