{"Avg": [140.05904126315784, 36.45742498245616], "Std": [0.06770332929037469, 0.07520639002397542], "InvR": [[5.849717461198245, -5.326300490457649], [-5.326300490457649, 5.849717461198245]], "name": "\u771f\u5ca1\u9435\u9053_\u771f\u5ca1\u7dda"}