{"Avg": [140.0494961764706, 36.441734705882354], "Std": [0.07062826408968105, 0.07615889211669832], "InvR": [[5.637007225988861, -5.112616085710111], [-5.11261608571011, 5.637007225988861]], "name": "\u771f\u5ca1\u7dda"}