{"Avg": [136.87364461538462, 34.79095384615385], "Std": [0.01892036168762502, 0.025938506136470186], "InvR": [[1.333933825244928, -0.6674171296030976], [-0.6674171296030976, 1.3339338252449282]], "name": "\u77e5\u591a\u65b0\u7dda"}