{"Avg": [136.62029878976745, 36.512321350232554], "Std": [0.007465380955274405, 0.030861936983684325], "InvR": [[1.8338552813884421, -1.2365960988487066], [-1.2365960988487066, 1.8338552813884421]], "name": "\u77f3\u5ddd\u7dda"}