{"Avg": [141.2890630966667, 38.47046104305555], "Std": [0.10741914148403578, 0.04176001820820487], "InvR": [[6.1563331373096135, 5.634190674819838], [5.634190674819838, 6.156333137309614]], "name": "\u77f3\u5dfb\u7dda"}