{"Avg": [142.09331, 42.969615769230764], "Std": [0.3127180125067232, 0.07656943194920304], "InvR": [[2.1379497885430934, -1.5597690565556057], [-1.5597690565556057, 2.1379497885430934]], "name": "\u77f3\u52dd\u7dda"}