{"Avg": [135.87694953488375, 35.0113123255814], "Std": [0.016748095060506868, 0.02868774876973423], "InvR": [[2.334619554738181, 1.7651710712074686], [1.7651710712074686, 2.334619554738181]], "name": "\u77f3\u5c71\u5742\u672c\u7dda"}