{"Avg": [143.28956, 43.865505512820526], "Std": [0.6480419700677046, 0.07624914411705305], "InvR": [[1.1137028813332586, -0.3558528158617596], [-0.3558528158617596, 1.1137028813332586]], "name": "\u77f3\u5317\u7dda"}