{"Avg": [140.63863926829268, 37.31488512195122], "Std": [0.13828151798609142, 0.1264859876192203], "InvR": [[5.707572417346786, 5.183513333822057], [5.183513333822057, 5.707572417346786]], "name": "\u78d0\u8d8a\u6771\u7dda"}