{"Avg": [139.73191667594335, 37.62030939349057], "Std": [0.3699663511675522, 0.09957748177610627], "InvR": [[16.606049491765994, 16.09828656196726], [16.09828656196726, 16.606049491765994]], "name": "\u78d0\u8d8a\u897f\u7dda"}