{"Avg": [135.029223994975, 34.77585503768844], "Std": [0.06292458683025827, 0.03685814682073535], "InvR": [[22.403117677866113, 21.89740998407006], [21.89740998407006, 22.403117677866113]], "name": "\u795e\u6238\u96fb\u9244_\u7c9f\u751f\u7dda"}