{"Avg": [135.17174528571434, 34.66667635714285], "Std": [0.013412356053965678, 0.014038608051203357], "InvR": [[3.7235135849087206, -3.184499934383901], [-3.184499934383901, 3.7235135849087206]], "name": "\u795e\u6238\u5e02_\u6d77\u5cb8\u7dda"}