{"Avg": [135.16923341317377, 34.738370598802405], "Std": [0.029344817510040262, 0.03994147750884455], "InvR": [[3.184838167659662, -2.6378695924025686], [-2.6378695924025686, 3.184838167659662]], "name": "\u795e\u6238\u96fb\u9244_\u6709\u99ac\u7dda"}