{"Avg": [135.1708467213115, 34.680875], "Std": [0.01732886582813695, 0.013774991074347582], "InvR": [[31.284468495877345, -30.780407738911855], [-30.780407738911855, 31.284468495877345]], "name": "\u795e\u6238\u5e02_\u5c71\u624b\u7dda"}