{"Avg": [135.16895827586208, 34.677402413793104], "Std": [0.013757452919071305, 0.008548397573238598], "InvR": [[34.000611666623456, -33.49688018365155], [-33.49688018365155, 34.000611666623456]], "name": "\u795e\u6238\u9ad8\u901f\u7dda"}