{"Avg": [135.21416333333332, 34.72344055555556], "Std": [0.0012693655458071243, 0.002604149407349489], "InvR": [[81.54038492054673, 81.03884246502031], [81.03884246502031, 81.54038492054674]], "name": "\u795e\u6238\u3059\u307e\u3044\u307e\u3061\u3065\u304f\u308a\u516c\u793e_\u6469\u8036\u30b1\u30fc\u30d6\u30eb\u7dda"}