{"Avg": [135.22464853521123, 34.85236549295776], "Std": [0.003919033956241503, 0.027626276162670643], "InvR": [[1.4448346927714892, -0.8016935802815154], [-0.8016935802815154, 1.4448346927714895]], "name": "\u795e\u6238\u96fb\u9244_\u4e09\u7530\u7dda"}