{"Avg": [135.20219163636358, 34.887419181818196], "Std": [0.010902391858276279, 0.010976023549853584], "InvR": [[13.895266025996003, 13.385931118424399], [13.385931118424399, 13.895266025995998]], "name": "\u795e\u6238\u96fb\u9244_\u516c\u5712\u90fd\u5e02\u7dda"}