{"Avg": [135.12227938775507, 34.66727806122449], "Std": [0.014935758954386352, 0.008400216063568151], "InvR": [[31.97587946090679, 31.47190791543363], [31.47190791543363, 31.97587946090679]], "name": "\u795e\u6238\u5e02_\u897f\u795e\u7dda"}