{"Avg": [135.21109797814202, 34.67107704918035], "Std": [0.009660762607758196, 0.014102949698547643], "InvR": [[12.883678876896761, 12.373580828769779], [12.373580828769777, 12.883678876896758]], "name": "\u795e\u6238\u65b0\u4ea4\u901a_\u30dd\u30fc\u30c8\u30a2\u30a4\u30e9\u30f3\u30c9\u7dda"}