{"Avg": [135.35330954545452, 34.72728181818183], "Std": [0.10542911207309029, 0.018338009368611838], "InvR": [[1.0760683626562066, -0.28610270612736743], [-0.28610270612736743, 1.0760683626562069]], "name": "\u795e\u6238\u7dda"}