{"Avg": [135.0540360666666, 34.68919453333333], "Std": [0.023825488645473132, 0.011981845911581454], "InvR": [[4.1366166175526695, 3.6020800134172783], [3.6020800134172783, 4.1366166175526695]], "name": "\u795e\u6238\u5e02_\u897f\u795e\u5ef6\u4f38\u7dda"}