{"Avg": [135.2677385057472, 34.70418114942529], "Std": [0.0015803888134538434, 0.010698697356015323], "InvR": [[1.860105480194173, 1.264866363397423], [1.2648663633974233, 1.8601054801941734]], "name": "\u795e\u6238\u65b0\u4ea4\u901a_\u516d\u7532\u30a2\u30a4\u30e9\u30f3\u30c9\u7dda"}