{"Avg": [135.16755333333333, 34.677945], "Std": [0.001358634935846801, 0.0012627582244149449], "InvR": [[2272.9702082627373, 2272.470153256515], [2272.470153256515, 2272.9702082627373]], "name": "\u795e\u6238\u96fb\u9244_\u795e\u6238\u9ad8\u901f\u7dda"}