{"Avg": [136.19131077013762, 35.98017384282904], "Std": [0.01522584403240838, 0.044533003335607835], "InvR": [[20.773775216936432, -20.267608678550754], [-20.267608678550754, 20.773775216936432]], "name": "\u798f\u4e95\u9244\u9053_\u798f\u6b66\u7dda"}