{"Avg": [130.4178772151899, 33.61217810126582], "Std": [0.005210158756712928, 0.010853690275539578], "InvR": [[7.004152710284482, -6.484905741697483], [-6.484905741697483, 7.004152710284484]], "name": "\u798f\u5ca1\u5e02_2\u53f7\u7dda_\u7bb1\u5d0e\u7dda"}