{"Avg": [140.4489285714285, 37.791818757763984], "Std": [0.0061892411015073085, 0.023685242903042077], "InvR": [[1.136738922533892, 0.3942543030451559], [0.3942543030451559, 1.136738922533892]], "name": "\u798f\u5cf6\u4ea4\u901a_\u98ef\u5742\u7dda"}