{"Avg": [130.39402879227052, 33.58975690821257], "Std": [0.03480539967257186, 0.005081196662497571], "InvR": [[3.0517264629727356, -2.502260566335038], [-2.5022605663350377, 3.0517264629727348]], "name": "\u798f\u5ca1\u5e02_1\u53f7\u7dda_\u7a7a\u6e2f\u7dda"}