{"Avg": [130.3708208379888, 33.56480988826815], "Std": [0.02372224693945307, 0.01539387460669053], "InvR": [[2.9189962654606125, -2.3667578947396355], [-2.3667578947396355, 2.918996265460613]], "name": "\u798f\u5ca1\u5e02_3\u53f7\u7dda_\u4e03\u9688\u7dda"}