{"Avg": [133.21917450000004, 34.598198999999994], "Std": [0.1358885495473527, 0.0844718574773081], "InvR": [[11.174922345343745, 10.663206228856273], [10.663206228856273, 11.174922345343747]], "name": "\u798f\u5869\u7dda"}