{"Avg": [136.19782523529412, 35.99891690196078], "Std": [0.018046565381320444, 0.05304591195952638], "InvR": [[30.070036220661024, -29.56580866628215], [-29.56580866628215, 30.070036220661024]], "name": "\u798f\u6b66\u7dda"}