{"Avg": [135.23781682539678, 34.955912380952384], "Std": [0.12379267092218477, 0.15633846896544026], "InvR": [[4.821410455495451, 4.292387252434874], [4.292387252434874, 4.821410455495451]], "name": "\u798f\u77e5\u5c71\u7dda"}