{"Avg": [140.45792573973642, 39.95400966692489], "Std": [0.09318832311072786, 0.17761847617176768], "InvR": [[5.884654888989044, 5.36139051678887], [5.36139051678887, 5.884654888989044]], "name": "\u79cb\u7530\u5185\u9678\u7e26\u8cab\u9244\u9053_\u79cb\u7530\u5185\u9678\u7dda"}