{"Avg": [140.46028822580647, 39.95135596774194], "Std": [0.09103011471794313, 0.1878930645208367], "InvR": [[5.834252758114426, 5.310767598704669], [5.310767598704669, 5.834252758114426]], "name": "\u79cb\u7530\u5185\u9678\u7dda"}