{"Avg": [139.21039757904214, 36.08387788600939], "Std": [0.1635493351336954, 0.07483003542595411], "InvR": [[2.7681393563625374, -2.212341777366387], [-2.212341777366387, 2.7681393563625374]], "name": "\u79e9\u7236\u9244\u9053_\u79e9\u7236\u672c\u7dda"}