{"Avg": [139.2281390612658, 36.0918855607595], "Std": [0.16532494724992236, 0.06985016574119901], "InvR": [[3.1299827857109843, -2.5820165478044697], [-2.5820165478044697, 3.129982785710985]], "name": "\u79e9\u7236\u672c\u7dda"}