{"Avg": [137.72882689499997, 35.05492731738095], "Std": [2.0819771395866824, 0.5179814798646691], "InvR": [[480.7465740089253, -480.24631372589437], [-480.24631372589437, 480.7465740089253]], "name": "\u7a7a\u6e2f\u7dda"}