{"Avg": [137.54725470588235, 36.575119705882344], "Std": [0.10148243557776782, 0.007888280765977881], "InvR": [[195.12781214870964, 194.627169896172], [194.627169896172, 195.12781214870964]], "name": "\u7acb\u5c71\u9ed2\u90e8\u8cab\u5149_\u92fc\u7d22\u7dda"}