{"Avg": [137.34285878787878, 36.62627545454546], "Std": [0.038392098915491626, 0.04344095987073043], "InvR": [[2.24515302527111, 1.6719925483126135], [1.6719925483126135, 2.2451530252711103]], "name": "\u7acb\u5c71\u7dda"}