{"Avg": [137.61411190476187, 36.57269380952381], "Std": [0.015571819668893611, 0.004025852735686331], "InvR": [[12.168134180972215, 11.6574163203161], [11.6574163203161, 12.168134180972217]], "name": "\u7acb\u5c71\u9ed2\u90e8\u8cab\u5149_\u7121\u8ecc\u6761\u96fb\u8eca\u7dda"}