{"Avg": [140.15813, 35.91899166666667], "Std": [0.01660171577477976, 0.008515040451394467], "InvR": [[503.8107170134224, 503.3104686578309], [503.3104686578309, 503.8107170134224]], "name": "\u7adc\u30f6\u5d0e\u7dda"}