{"Avg": [139.49028249999998, 35.66856249999999], "Std": [0.005158373653582199, 0.0002642323787875166], "InvR": [[2.0799587743782415, -1.49875606044973], [-1.49875606044973, 2.0799587743782415]], "name": "\u7af6\u99ac\u5834\u7dda"}