{"Avg": [136.7273136111111, 35.34371244444445], "Std": [0.022252725728523506, 0.020418069887077835], "InvR": [[19.744713577278713, -19.23821719056877], [-19.23821719056877, 19.744713577278713]], "name": "\u7af9\u9f3b\u7dda"}