{"Avg": [130.54642, 31.586146666666664], "Std": [0.002306999012665634, 0.0015789025724640775], "InvR": [[13.555800757076849, -13.046222955648444], [-13.046222955648444, 13.555800757076849]], "name": "\u7b2c\u4e8c\u671f\u7dda"}