{"Avg": [130.55635708333332, 31.591659583333335], "Std": [0.0034653047955999017, 0.006807324167864149], "InvR": [[3.3001441887865566, -2.7551420068655488], [-2.7551420068655488, 3.3001441887865566]], "name": "\u7b2c\u4e00\u671f\u7dda"}