{"Avg": [140.1005625, 36.2201325], "Std": [0.0005414505979332359, 0.0055016514566088755], "InvR": [[4.385978832916169, -3.853677657754019], [-3.8536776577540204, 4.385978832916169]], "name": "\u7b51\u6ce2\u5c71\u92fc\u7d22\u9244\u9053\u7dda"}