{"Avg": [140.1032010344828, 36.222092413793106], "Std": [0.001714021978751348, 0.0032399826044370106], "InvR": [[1.0952669780829773, -0.3230213231290464], [-0.3230213231290464, 1.0952669780829773]], "name": "\u7b51\u6ce2\u89b3\u5149\u9244\u9053_\u7b51\u6ce2\u5c71\u92fc\u7d22\u9244\u9053\u7dda"}