{"Avg": [130.0760698412698, 33.44557428571429], "Std": [0.13005993273544775, 0.10977903968722103], "InvR": [[5.641789628852098, -5.117421282967721], [-5.117421282967721, 5.641789628852097]], "name": "\u7b51\u80a5\u7dda"}