{"Avg": [130.73462857142854, 33.82007738095238], "Std": [0.014333997643205575, 0.03608300563314476], "InvR": [[1.9917436589696236, -1.4054533589116647], [-1.4054533589116647, 1.9917436589696236]], "name": "\u7b51\u8c4a\u96fb\u6c17\u9244\u9053\u7dda"}