{"Avg": [130.68912811594208, 33.71797188405798], "Std": [0.062429631465002154, 0.14843471768858812], "InvR": [[4.943394429881476, -4.415173163025627], [-4.415173163025627, 4.943394429881475]], "name": "\u7b51\u8c4a\u7dda"}