{"Avg": [130.7313714705883, 33.81418654411766], "Std": [0.013396275713213772, 0.03485498317353569], "InvR": [[1.6491610607398952, -1.0346840790892844], [-1.0346840790892844, 1.649161060739895]], "name": "\u7b51\u8c4a\u96fb\u6c17\u9244\u9053_\u7b51\u8c4a\u96fb\u6c17\u9244\u9053\u7dda"}