{"Avg": [135.461509375, 34.824193125], "Std": [0.009135687213307675, 0.011070837659562502], "InvR": [[9.208883702583762, -8.694518695426968], [-8.694518695426968, 9.208883702583762]], "name": "\u7b95\u9762\u7dda"}