{"Avg": [139.0873600569261, 35.23900728652753], "Std": [0.028783018346901328, 0.005237710151161534], "InvR": [[1.0243738580098722, -0.15801247724201273], [-0.15801247724201273, 1.0243738580098722]], "name": "\u7bb1\u6839\u767b\u5c71\u9244\u9053_\u9244\u9053\u7dda"}