{"Avg": [139.0417948148148, 35.24858148148149], "Std": [0.004102743770601608, 0.0014481832902817579], "InvR": [[8212.775097123267, -8212.27508190215], [-8212.27508190215, 8212.775097123265]], "name": "\u7bb1\u6839\u767b\u5c71\u9244\u9053_\u92fc\u7d22\u7dda"}