{"Avg": [136.9059925, 35.091195], "Std": [0.006816859155799315, 0.00213229336630793], "InvR": [[36.92409975567434, -36.420667800183395], [-36.420667800183395, 36.92409975567434]], "name": "\u7bc9\u6e2f\u7dda"}