{"Avg": [138.0127231578947, 36.349202105263174], "Std": [0.06996872444566865, 0.15269838280531092], "InvR": [[4.650530292289101, -4.120303594058265], [-4.120303594058265, 4.650530292289102]], "name": "\u7be0\u30ce\u4e95\u7dda"}