{"Avg": [130.54958148148148, 33.60570074074074], "Std": [0.0818094151379462, 0.01445146665014327], "InvR": [[2.229580795342608, 1.6557323840578735], [1.6557323840578735, 2.229580795342608]], "name": "\u7be0\u6817\u7dda"}