{"Avg": [139.88811826086956, 38.026242391304336], "Std": [0.2158134739145401, 0.060959765711377394], "InvR": [[2.5758982763378095, 2.014783773436318], [2.014783773436318, 2.5758982763378095]], "name": "\u7c73\u5742\u7dda"}