{"Avg": [135.02891568627444, 34.77711450980392], "Std": [0.07102053995230526, 0.04014677714282687], "InvR": [[21.849057077001508, 21.343201214369603], [21.343201214369603, 21.849057077001508]], "name": "\u7c9f\u751f\u7dda"}