{"Avg": [130.7876492307692, 33.658664615384616], "Std": [0.008991959195717675, 0.016885120265800052], "InvR": [[12.321401164812967, 11.810822388785692], [11.810822388785692, 12.321401164812967]], "name": "\u7cf8\u7530\u7dda"}