{"Avg": [135.15545278481014, 33.89815455696201], "Std": [0.0016269929836603707, 0.006323768464177581], "InvR": [[2.4764597661832797, -1.912169764257678], [-1.9121697642576778, 2.4764597661832792]], "name": "\u7d00\u5dde\u9244\u9053_\u7d00\u5dde\u9244\u9053\u7dda"}