{"Avg": [135.84420261410787, 33.98373319502076], "Std": [0.4895720314641364, 0.3632389004831829], "InvR": [[1.334205095698179, -0.667756049533666], [-0.667756049533666, 1.3342050956981788]], "name": "\u7d00\u52e2\u7dda"}