{"Avg": [135.15522400000003, 33.894831999999994], "Std": [0.0022876415803161116, 0.007287443721910505], "InvR": [[10.043171897742136, -9.530064526006907], [-9.530064526006907, 10.043171897742136]], "name": "\u7d00\u5dde\u9244\u9053\u7dda"}