{"Avg": [134.62860785714287, 34.79615857142857], "Std": [0.027620609328790513, 0.005112262369109769], "InvR": [[4.259768194782608, -3.7263731534159152], [-3.7263731534159152, 4.259768194782608]], "name": "\u7db2\u5e72\u7dda"}