{"Avg": [140.10741647482013, 35.68610748201439], "Std": [0.28167003821596115, 0.034399742953145615], "InvR": [[1.0028008400417603, -0.05299702582881207], [-0.05299702582881208, 1.0028008400417603]], "name": "\u7dcf\u6b66\u7dda"}