{"Avg": [131.18214083333334, 34.21056833333333], "Std": [0.018174731753331067, 0.10531522320580737], "InvR": [[1.1403315709648454, -0.4000306497936212], [-0.4000306497936212, 1.1403315709648456]], "name": "\u7f8e\u7962\u7dda"}