{"Avg": [136.6933325, 35.3153875], "Std": [0.006390251853411622, 0.00028734778579228717], "InvR": [[1.0351640121459567, -0.19078920277667025], [-0.19078920277667022, 1.0351640121459564]], "name": "\u7fbd\u5cf6\u7dda"}