{"Avg": [139.70242168918924, 38.73980331081079], "Std": [0.2873955653948655, 0.5773445584631516], "InvR": [[19.506088760946643, -18.999510782885498], [-18.999510782885498, 19.506088760946643]], "name": "\u7fbd\u8d8a\u7dda"}