{"Avg": [130.38539316666663, 32.155777], "Std": [0.13666293578840494, 0.2100986109052921], "InvR": [[7.705747084155379, -7.18837888823438], [-7.18837888823438, 7.705747084155379]], "name": "\u80a5\u85a9\u304a\u308c\u3093\u3058\u9244\u9053\u7dda"}