{"Avg": [130.3889520851822, 32.17419066548356], "Std": [0.1353037548774587, 0.18954592363802333], "InvR": [[8.028712953020937, -7.512091501638226], [-7.512091501638226, 8.02871295302094]], "name": "\u80a5\u85a9\u304a\u308c\u3093\u3058\u9244\u9053_\u80a5\u85a9\u304a\u308c\u3093\u3058\u9244\u9053\u7dda"}