{"Avg": [130.6936525, 32.13864366666666], "Std": [0.05402126413506202, 0.23823211876911604], "InvR": [[2.143210029506763, 1.5652920497695049], [1.5652920497695049, 2.1432100295067635]], "name": "\u80a5\u85a9\u7dda"}