{"Avg": [135.42205696629216, 34.87325724719101], "Std": [0.008613557729049797, 0.025985097809174785], "InvR": [[1.3274026648065285, -0.659238325440007], [-0.659238325440007, 1.3274026648065287]], "name": "\u80fd\u52e2\u96fb\u9244_\u5999\u898b\u7dda"}