{"Avg": [135.45405428571428, 34.92278095238095], "Std": [0.001859038592872687, 0.0006336057416315528], "InvR": [[8064.0024841263175, -8063.50246862437], [-8063.50246862437, 8064.002484126319]], "name": "\u80fd\u52e2\u96fb\u9244_\u92fc\u7d22\u7dda"}