{"Avg": [135.4046253424658, 34.9003393150685], "Std": [0.006898644115777077, 0.003891905660194629], "InvR": [[9.546958101903241, 9.033130736217245], [9.033130736217245, 9.546958101903243]], "name": "\u80fd\u52e2\u96fb\u9244_\u65e5\u751f\u7dda"}