{"Avg": [139.88348884615385, 35.62941884615384], "Std": [0.005373099898083731, 0.004464881622104715], "InvR": [[1.0891575609877706, 0.3116193698553713], [0.3116193698553713, 1.0891575609877706]], "name": "\u821e\u6d5c\u30ea\u30be\u30fc\u30c8\u30e9\u30a4\u30f3_\u30c7\u30a3\u30ba\u30cb\u30fc\u30ea\u30be\u30fc\u30c8\u30e9\u30a4\u30f3"}