{"Avg": [135.32495733333332, 35.39640066666666], "Std": [0.04294137359496357, 0.060948807969384476], "InvR": [[5.3438717233306585, -4.817996811132436], [-4.817996811132436, 5.3438717233306585]], "name": "\u821e\u9db4\u7dda"}