{"Avg": [140.39343, 35.761852499999996], "Std": [0.006207273958832782, 0.007848924687498095], "InvR": [[383.56880252321747, 383.0684762109404], [383.0684762109404, 383.5688025232175]], "name": "\u829d\u5c71\u9244\u9053\u7dda"}