{"Avg": [140.393273125, 35.760811249999996], "Std": [0.004221776460730951, 0.005611417907935911], "InvR": [[28.96026773732555, 28.45587531038632], [28.45587531038632, 28.96026773732555]], "name": "\u829d\u5c71\u9244\u9053_\u829d\u5c71\u9244\u9053\u7dda"}