{"Avg": [132.7620575, 33.837775], "Std": [0.00085867266754924, 0.0016650300297583603], "InvR": [[8.154688544861461, 7.63834122822706], [7.63834122822706, 8.154688544861461]], "name": "\u82b1\u5712\u7dda"}