{"Avg": [140.86888505166667, 40.11687060925925], "Std": [0.1870939943306301, 0.12144897706574241], "InvR": [[6.679643441051952, 6.159382522504704], [6.159382522504703, 6.679643441051952]], "name": "\u82b1\u8f2a\u7dda"}