{"Avg": [132.88198542553184, 34.730558510638296], "Std": [0.29153215273084854, 0.20379579481159113], "InvR": [[12.843251559379711, -12.333120410428565], [-12.333120410428565, 12.843251559379711]], "name": "\u82b8\u5099\u7dda"}