{"Avg": [134.30455000000003, 35.37799421052631], "Std": [0.05090982564661108, 0.02126785523935042], "InvR": [[9.875949359266471, 9.36260788389268], [9.36260788389268, 9.875949359266475]], "name": "\u82e5\u685c\u7dda"}