{"Avg": [134.31449322580636, 35.374144134897335], "Std": [0.05037992069798734, 0.01695622522295903], "InvR": [[6.081640146911083, 5.559200187941569], [5.559200187941569, 6.081640146911083]], "name": "\u82e5\u685c\u9244\u9053_\u82e5\u685c\u7dda"}