{"Avg": [136.09342214285715, 34.96854571428572], "Std": [0.10606730603580725, 0.05882715161680812], "InvR": [[9.986042351076781, 9.47285593083851], [9.47285593083851, 9.986042351076783]], "name": "\u8349\u6d25\u7dda"}