{"Avg": [139.74817984375, 35.73857703125001], "Std": [0.025419256940616995, 0.012088462174694965], "InvR": [[1.2999534620951936, -0.6244401824979604], [-0.6244401824979604, 1.2999534620951936]], "name": "\u8352\u5ddd\u7dda"}