{"Avg": [130.7266278125, 32.847588125], "Std": [0.01569651369221348, 0.022402144908119113], "InvR": [[10.217554212695442, -9.704682368664876], [-9.704682368664876, 10.217554212695442]], "name": "\u83ca\u6c60\u7dda"}