{"Avg": [137.1521372, 34.8014052], "Std": [0.052279183889574386, 0.013238864640142074], "InvR": [[1.8481113989565254, -1.2519602006439823], [-1.2519602006439823, 1.8481113989565257]], "name": "\u84b2\u90e1\u7dda"}