{"Avg": [130.71745333333334, 32.818324999999994], "Std": [0.0035243376052150085, 0.0075983676975159165], "InvR": [[240.43830859010055, -239.93778762228828], [-239.93778762228828, 240.43830859010055]], "name": "\u85e4\u5d0e\u7dda"}