{"Avg": [129.88435642857144, 32.74984571428571], "Std": [0.005828168797367575, 0.002853713656387657], "InvR": [[2.854334990366514, -2.3006288807332864], [-2.3006288807332864, 2.8543349903665143]], "name": "\u86cd\u8336\u5c4b\u652f\u7dda"}