{"Avg": [135.64682, 34.617632], "Std": [0.005474778534334978, 0.0030447949027807893], "InvR": [[157.6359536429694, 157.13515815146346], [157.13515815146346, 157.6359536429694]], "name": "\u897f\u4fe1\u8cb4\u92fc\u7d22\u7dda"}