{"Avg": [129.7317037692308, 33.265730769230764], "Std": [0.08430842578811276, 0.0636712074237084], "InvR": [[1.0359937751236237, 0.19310444575740274], [0.19310444575740274, 1.0359937751236237]], "name": "\u897f\u4e5d\u5dde\u7dda"}