{"Avg": [137.0766811111111, 34.89429888888889], "Std": [0.013737552704939529, 0.05705702419401633], "InvR": [[1.9126039988848684, -1.3211548197185377], [-1.3211548197185377, 1.9126039988848689]], "name": "\u897f\u5c3e\u7dda"}