{"Avg": [136.86364588000004, 35.120051720000006], "Std": [0.009003727185204284, 0.03362075808249471], "InvR": [[2.7766947080846123, -2.2211120624183907], [-2.2211120624183907, 2.776694708084612]], "name": "\u897f\u540d\u53e4\u5c4b\u6e2f\u7dda"}