{"Avg": [130.431864446281, 33.55150429752066], "Std": [0.005409727953245251, 0.02249651970242063], "InvR": [[2.064080032950872, 1.4820075402897246], [1.4820075402897246, 2.0640800329508715]], "name": "\u897f\u65e5\u672c\u65c5\u5ba2\u9244\u9053_\u535a\u591a\u5357\u7dda"}