{"Avg": [135.76014997516282, 34.941050097034626], "Std": [0.3228292513105692, 0.18853675929713806], "InvR": [[19.883884426089832, -19.377434697193742], [-19.377434697193742, 19.883884426089832]], "name": "\u897f\u65e5\u672c\u65c5\u5ba2\u9244\u9053_\u6771\u6d77\u9053\u7dda"}