{"Avg": [139.66766285714286, 35.7408], "Std": [0.009561743287386546, 0.002114223937321009], "InvR": [[22.436067483347102, -21.93036836521352], [-21.93036836521352, 22.4360674833471]], "name": "\u897f\u6b66\u6709\u697d\u753a\u7dda"}