{"Avg": [130.60000636363642, 33.36252242424246], "Std": [0.03621213530493056, 0.027433650504109706], "InvR": [[3.8977583150732262, -3.3607680026519606], [-3.360768002651961, 3.8977583150732267]], "name": "\u897f\u65e5\u672c\u9244\u9053_\u7518\u6728\u7dda"}