{"Avg": [135.81792409836055, 34.57209203278689], "Std": [0.027887022163914556, 0.06112863641507255], "InvR": [[1.1634159283087573, -0.43602831781177953], [-0.43602831781177953, 1.1634159283087573]], "name": "\u897f\u65e5\u672c\u65c5\u5ba2\u9244\u9053_\u685c\u4e95\u7dda"}