{"Avg": [133.81932087301584, 34.51512317460318], "Std": [0.006444083421450619, 0.033801702353363425], "InvR": [[8.499852210410245, -7.984211632240573], [-7.984211632240573, 8.499852210410245]], "name": "\u897f\u65e5\u672c\u65c5\u5ba2\u9244\u9053_\u672c\u56db\u5099\u8b83\u7dda"}