{"Avg": [131.3001426734693, 33.98584765306122], "Std": [0.05751672320428776, 0.041803674308801705], "InvR": [[1.6626552893945634, -1.0496510477092642], [-1.0496510477092642, 1.6626552893945634]], "name": "\u897f\u65e5\u672c\u65c5\u5ba2\u9244\u9053_\u5b87\u90e8\u7dda"}