{"Avg": [135.47538192532733, 33.75996964335467], "Std": [0.29773132032417626, 0.2321648963044371], "InvR": [[2.736847794452145, 2.1802495397420505], [2.180249539742051, 2.7368477944521445]], "name": "\u897f\u65e5\u672c\u65c5\u5ba2\u9244\u9053_\u7d00\u52e2\u7dda"}