{"Avg": [130.43103727848094, 33.675932721519], "Std": [0.006430039042417445, 0.025377229892636376], "InvR": [[1.1857357073129937, 0.46929037949232655], [0.46929037949232655, 1.1857357073129937]], "name": "\u897f\u65e5\u672c\u9244\u9053_\u8c9d\u585a\u7dda"}