{"Avg": [133.51057156667912, 34.99048596102414], "Std": [0.13708486270174078, 0.2365434908656842], "InvR": [[3.7374738287702636, 3.198630455675114], [3.1986304556751137, 3.7374738287702627]], "name": "\u897f\u65e5\u672c\u65c5\u5ba2\u9244\u9053_\u4f2f\u5099\u7dda"}