{"Avg": [139.4573775, 35.763850000000005], "Std": [0.008488407904312286, 0.003942797230393802], "InvR": [[33.85461306354218, 33.35086524542682], [33.35086524542682, 33.854613063542175]], "name": "\u897f\u6b66\u5712\u7dda"}