{"Avg": [136.4318460610261, 35.99288201109572], "Std": [0.12396769532673889, 0.031585239024733286], "InvR": [[5.19996671749347, 4.6732951057627785], [4.6732951057627785, 5.19996671749347]], "name": "\u897f\u65e5\u672c\u65c5\u5ba2\u9244\u9053_\u8d8a\u7f8e\u5317\u7dda"}