{"Avg": [131.67922706905907, 34.3975038825449], "Std": [0.12715026385040631, 0.15138484088201715], "InvR": [[13.853509855051094, -13.34414573694947], [-13.34414573694947, 13.853509855051094]], "name": "\u897f\u65e5\u672c\u65c5\u5ba2\u9244\u9053_\u5c71\u53e3\u7dda"}