{"Avg": [135.9816463682512, 34.741550789109404], "Std": [0.2763075798640303, 0.09326721656663205], "InvR": [[7.502840522546129, -6.984967815546049], [-6.984967815546049, 7.502840522546129]], "name": "\u897f\u65e5\u672c\u65c5\u5ba2\u9244\u9053_\u95a2\u897f\u7dda"}