{"Avg": [139.1522192216981, 35.957114033018854], "Std": [0.04480887077994095, 0.025283453366960765], "InvR": [[13.907876217683565, 13.398550095765009], [13.398550095765009, 13.907876217683564]], "name": "\u897f\u6b66\u9244\u9053_\u897f\u6b66\u79e9\u7236\u7dda"}