{"Avg": [139.46164954545452, 35.76601303030306], "Std": [0.005932773236710962, 0.002175401718176451], "InvR": [[1.1573159625643161, 0.42668990454644395], [0.42668990454644395, 1.1573159625643161]], "name": "\u897f\u6b66\u9244\u9053_\u897f\u6b66\u5712\u7dda"}