{"Avg": [137.88242937203796, 36.8944809952607], "Std": [0.020136667139032824, 0.07009713595710322], "InvR": [[4.032800811021869, 3.4972391354262258], [3.4972391354262258, 4.032800811021869]], "name": "\u897f\u65e5\u672c\u65c5\u5ba2\u9244\u9053_\u5927\u7cf8\u7dda"}