{"Avg": [134.77033285875717, 35.10037161581924], "Std": [0.037080476097897025, 0.1409030737319333], "InvR": [[6.35736032709924, -5.835980637517239], [-5.835980637517239, 6.357360327099241]], "name": "\u897f\u65e5\u672c\u65c5\u5ba2\u9244\u9053_\u64ad\u4f46\u7dda"}