{"Avg": [132.75502252478103, 34.30131302040816], "Std": [0.1912363141627612, 0.04592381198149954], "InvR": [[1.3853567216434155, -0.7306548600804461], [-0.7306548600804461, 1.3853567216434155]], "name": "\u897f\u65e5\u672c\u65c5\u5ba2\u9244\u9053_\u5449\u7dda"}