{"Avg": [130.52293616666668, 33.50933816666665], "Std": [0.004766082630304135, 0.0042407175067691975], "InvR": [[13.092671655076817, -12.582741331386222], [-12.582741331386224, 13.09267165507682]], "name": "\u897f\u65e5\u672c\u9244\u9053_\u592a\u5bb0\u5e9c\u7dda"}