{"Avg": [139.46640126050417, 35.721615042016815], "Std": [0.006029431673905483, 0.01918819888000795], "InvR": [[1.2850445424037757, 0.6052230444703455], [0.6052230444703455, 1.285044542403776]], "name": "\u897f\u6b66\u9244\u9053_\u56fd\u5206\u5bfa\u7dda"}