{"Avg": [139.16000538461537, 35.950566153846154], "Std": [0.05420006054713918, 0.03225121167394813], "InvR": [[33.7712982934089, 33.267541089310974], [33.267541089310974, 33.771298293408904]], "name": "\u897f\u6b66\u79e9\u7236\u7dda"}