{"Avg": [135.48503293548387, 34.70599954193551], "Std": [0.031553359239330024, 0.013722176312974791], "InvR": [[2.9014202759919003, 2.348791038373787], [2.348791038373787, 2.9014202759919]], "name": "\u897f\u65e5\u672c\u65c5\u5ba2\u9244\u9053_JR\u6771\u897f\u7dda"}