{"Avg": [135.5712991696296, 34.655660119259245], "Std": [0.003926079557085407, 0.022976279986406525], "InvR": [[1.0021679304132427, -0.04661148287191939], [-0.04661148287191939, 1.0021679304132427]], "name": "\u897f\u65e5\u672c\u65c5\u5ba2\u9244\u9053_\u304a\u304a\u3055\u304b\u6771\u7dda"}