{"Avg": [134.95336564599486, 34.93215182170545], "Std": [0.053511633486384, 0.10482107880909286], "InvR": [[12.974145246738212, -12.464120491904813], [-12.464120491904813, 12.974145246738209]], "name": "\u897f\u65e5\u672c\u65c5\u5ba2\u9244\u9053_\u52a0\u53e4\u5ddd\u7dda"}