{"Avg": [139.42141695575233, 35.819848911504394], "Std": [0.13526164571041585, 0.05767990276955609], "InvR": [[26.161363344566926, 25.656491745791804], [25.656491745791804, 26.161363344566926]], "name": "\u897f\u6b66\u9244\u9053_\u6c60\u888b\u7dda"}