{"Avg": [135.44988848484846, 34.67438], "Std": [0.01139025410662222, 0.006618548087600265], "InvR": [[10.8032233815909, -10.291084104746274], [-10.291084104746274, 10.803223381590898]], "name": "\u897f\u65e5\u672c\u65c5\u5ba2\u9244\u9053_\u685c\u5cf6\u7dda"}