{"Avg": [139.53027488668553, 35.76802686968837], "Std": [0.08944099473480521, 0.057507166155022243], "InvR": [[2.3167347830875196, 1.7465752981420686], [1.7465752981420686, 2.316734783087519]], "name": "\u897f\u6b66\u9244\u9053_\u65b0\u5bbf\u7dda"}