{"Avg": [135.57051608900522, 34.36070847643982], "Std": [0.17591007454285948, 0.10184260488225971], "InvR": [[2.872568799332927, -2.3192849560948923], [-2.3192849560948927, 2.872568799332927]], "name": "\u897f\u65e5\u672c\u65c5\u5ba2\u9244\u9053_\u548c\u6b4c\u5c71\u7dda"}