{"Avg": [139.43995635658916, 35.78139798449617], "Std": [0.011129735430663054, 0.005478257712598968], "InvR": [[10.731308006143275, -10.21908330118565], [-10.219083301185652, 10.731308006143271]], "name": "\u897f\u6b66\u9244\u9053_\u72ed\u5c71\u7dda"}