{"Avg": [134.04616697696153, 35.00900832596515], "Std": [0.359607509263467, 0.06225022774328973], "InvR": [[2.73916252349401, 2.182624293510008], [2.182624293510008, 2.73916252349401]], "name": "\u897f\u65e5\u672c\u65c5\u5ba2\u9244\u9053_\u59eb\u65b0\u7dda"}