{"Avg": [135.98416344398325, 35.27595434647302], "Std": [0.08409193362378613, 0.15601717554031375], "InvR": [[25.861622529827187, -25.356693344074618], [-25.356693344074618, 25.861622529827187]], "name": "\u897f\u65e5\u672c\u65c5\u5ba2\u9244\u9053_\u6e56\u897f\u7dda"}