{"Avg": [131.18164227401118, 34.20258717514126], "Std": [0.016380997294769765, 0.09561157415923356], "InvR": [[1.271529881953412, -0.5875868946352071], [-0.5875868946352071, 1.271529881953412]], "name": "\u897f\u65e5\u672c\u65c5\u5ba2\u9244\u9053_\u7f8e\u7962\u7dda"}