{"Avg": [139.46633039130435, 35.73619595652174], "Std": [0.015442290754933282, 0.01925961726329325], "InvR": [[3.9903339594833347, 3.4543351239743103], [3.45433512397431, 3.9903339594833347]], "name": "\u897f\u6b66\u9244\u9053_\u591a\u6469\u6e56\u7dda"}