{"Avg": [137.19291209900993, 36.58458275247526], "Std": [0.036282858390979666, 0.07236493562402602], "InvR": [[1.9840882197491996, 1.3973252463182466], [1.3973252463182468, 1.9840882197491998]], "name": "\u897f\u65e5\u672c\u65c5\u5ba2\u9244\u9053_\u9ad8\u5c71\u7dda"}