{"Avg": [134.20067966207768, 34.72293070087613], "Std": [0.15084857888608313, 0.04485724148787755], "InvR": [[6.771446363786099, -6.25148298356845], [-6.25148298356845, 6.7714463637861]], "name": "\u897f\u65e5\u672c\u65c5\u5ba2\u9244\u9053_\u8d64\u7a42\u7dda"}