{"Avg": [136.79377762962955, 36.840175259259254], "Std": [0.08536499333869085, 0.13099145152899688], "InvR": [[8.007040588258901, -7.4903710451329815], [-7.4903710451329815, 8.007040588258901]], "name": "\u897f\u65e5\u672c\u65c5\u5ba2\u9244\u9053_\u4e03\u5c3e\u7dda"}