{"Avg": [133.0295631900984, 35.201004306398914], "Std": [0.08345135940534729, 0.10962804118242758], "InvR": [[9.502249803917087, 8.988353660828286], [8.988353660828286, 9.50224980391709]], "name": "\u897f\u65e5\u672c\u65c5\u5ba2\u9244\u9053_\u6728\u6b21\u7dda"}