{"Avg": [139.4317450588235, 35.768357647058814], "Std": [0.007361161053485826, 0.0013797891118136959], "InvR": [[1.1890556783484079, 0.47412838753251685], [0.47412838753251685, 1.1890556783484079]], "name": "\u897f\u6b66\u9244\u9053_\u5c71\u53e3\u7dda"}