{"Avg": [135.50307436525608, 34.678132516703805], "Std": [0.02507405034181014, 0.02022510906399776], "InvR": [[1.0702920557100921, -0.2742863992363509], [-0.2742863992363509, 1.0702920557100921]], "name": "\u897f\u65e5\u672c\u65c5\u5ba2\u9244\u9053_\u5927\u962a\u74b0\u72b6\u7dda"}