{"Avg": [135.79444380658433, 34.86866127572017], "Std": [0.017280256226775516, 0.07156995919860093], "InvR": [[3.3743823996460067, 2.830560753524774], [2.830560753524774, 3.3743823996460067]], "name": "\u897f\u65e5\u672c\u65c5\u5ba2\u9244\u9053_\u5948\u826f\u7dda"}