{"Avg": [139.66657407407405, 35.74089444444445], "Std": [0.008422806015794588, 0.0028028323417211153], "InvR": [[7.354745330913773, -6.836485467817816], [-6.836485467817815, 7.354745330913774]], "name": "\u897f\u6b66\u9244\u9053_\u897f\u6b66\u6709\u697d\u753a\u7dda"}