{"Avg": [132.9171468620013, 34.392187007328], "Std": [1.1398139826664997, 0.2838552388154601], "InvR": [[6.848668481554587, -6.328948687474456], [-6.328948687474456, 6.848668481554588]], "name": "\u897f\u65e5\u672c\u65c5\u5ba2\u9244\u9053_\u5c71\u967d\u7dda"}