{"Avg": [135.68286964150946, 34.75624383522015], "Std": [0.08656601088130932, 0.05090786259777039], "InvR": [[2.0086357344204724, -1.4233698673115143], [-1.4233698673115145, 2.0086357344204724]], "name": "\u897f\u65e5\u672c\u65c5\u5ba2\u9244\u9053_\u7247\u753a\u7dda"}