{"Avg": [132.041490923825, 34.09262460291733], "Std": [0.12558916911624446, 0.05212882133853988], "InvR": [[24.176269699714947, -23.670989563041932], [-23.670989563041932, 24.176269699714947]], "name": "\u897f\u65e5\u672c\u65c5\u5ba2\u9244\u9053_\u5ca9\u5fb3\u7dda"}