{"Avg": [135.35852572093006, 34.42329233720931], "Std": [0.11038349312712227, 0.12878161173448965], "InvR": [[61.905455972719004, -61.40342028924392], [-61.40342028924392, 61.905455972719004]], "name": "\u897f\u65e5\u672c\u65c5\u5ba2\u9244\u9053_\u962a\u548c\u7dda"}