{"Avg": [136.93763529616578, 36.61800185808288], "Std": [0.04495418285237697, 0.06309528769438177], "InvR": [[20.699791595041578, -20.19360246422397], [-20.19360246422397, 20.69979159504158]], "name": "\u897f\u65e5\u672c\u65c5\u5ba2\u9244\u9053_\u57ce\u7aef\u7dda"}