{"Avg": [135.31898817567568, 35.38301932432434], "Std": [0.02859849566156036, 0.04900040423158546], "InvR": [[6.714618289418402, -6.194471767888986], [-6.194471767888986, 6.714618289418402]], "name": "\u897f\u65e5\u672c\u65c5\u5ba2\u9244\u9053_\u821e\u9db4\u7dda"}