{"Avg": [139.51768701754386, 35.67941535087719], "Std": [0.013270325286526071, 0.016226986412602302], "InvR": [[15.714401483547022, -15.206183364097573], [-15.206183364097573, 15.714401483547018]], "name": "\u897f\u6b66\u9244\u9053_\u591a\u6469\u5ddd\u7dda"}