{"Avg": [133.2814096649215, 35.47734418848169], "Std": [0.03927739467710073, 0.0337917979619866], "InvR": [[24.244272879968197, 23.73900786887256], [23.73900786887256, 24.244272879968197]], "name": "\u897f\u65e5\u672c\u65c5\u5ba2\u9244\u9053_\u5883\u7dda"}