{"Avg": [132.48417975227704, 34.46847766169231], "Std": [0.02519092836822951, 0.03449644179683355], "InvR": [[17.467038514659844, -16.95966968894001], [-16.95966968894001, 17.467038514659844]], "name": "\u897f\u65e5\u672c\u65c5\u5ba2\u9244\u9053_\u53ef\u90e8\u7dda"}