{"Avg": [139.64974899999999, 35.738870500000004], "Std": [0.0021805134716416674, 0.0014942873719596078], "InvR": [[1.4446378718275785, 0.8014616078708554], [0.8014616078708554, 1.4446378718275785]], "name": "\u897f\u6b66\u9244\u9053_\u8c4a\u5cf6\u7dda"}