{"Avg": [133.8911518870588, 34.57377561882352], "Std": [0.038722141591193346, 0.05049947633145487], "InvR": [[1.0540353727160465, 0.23865287389974735], [0.23865287389974735, 1.0540353727160467]], "name": "\u897f\u65e5\u672c\u65c5\u5ba2\u9244\u9053_\u5b87\u91ce\u7dda"}