{"Avg": [139.4214939483395, 35.73154195571954], "Std": [0.04850524787963169, 0.006852617315437981], "InvR": [[10.132114959697374, -9.619128785749048], [-9.619128785749048, 10.132114959697374]], "name": "\u897f\u6b66\u9244\u9053_\u62dd\u5cf6\u7dda"}