{"Avg": [136.25007468812967, 35.907735322382806], "Std": [0.1377411544413337, 0.3691069704127093], "InvR": [[2.2300050131883693, -1.6561755177688413], [-1.656175517768841, 2.2300050131883693]], "name": "\u897f\u65e5\u672c\u65c5\u5ba2\u9244\u9053_\u5317\u9678\u7dda"}