{"Avg": [137.03014391304345, 36.79786505434783], "Std": [0.019829525441959386, 0.033623156067063245], "InvR": [[1.1895681016291613, 0.4748727901074616], [0.47487279010746153, 1.1895681016291613]], "name": "\u897f\u65e5\u672c\u65c5\u5ba2\u9244\u9053_\u6c37\u898b\u7dda"}