{"Avg": [132.95550052796418, 34.38000731096197], "Std": [1.4797894550668247, 0.3335399204402162], "InvR": [[12.310990699027391, -11.800402590272569], [-11.800402590272569, 12.310990699027391]], "name": "\u897f\u65e5\u672c\u65c5\u5ba2\u9244\u9053_\u5c71\u967d\u65b0\u5e79\u7dda"}