{"Avg": [137.33909976591596, 36.81685548207208], "Std": [0.45622186943167015, 0.16583061028920612], "InvR": [[13.769185619021409, -13.259761950806077], [-13.259761950806077, 13.769185619021409]], "name": "\u897f\u65e5\u672c\u65c5\u5ba2\u9244\u9053_\u5317\u9678\u65b0\u5e79\u7dda"}