{"Avg": [134.16457689601248, 35.259446739640346], "Std": [0.07182251452348509, 0.1103295958283206], "InvR": [[3.6424637487130824, -3.1024310487061397], [-3.1024310487061397, 3.6424637487130824]], "name": "\u897f\u65e5\u672c\u65c5\u5ba2\u9244\u9053_\u56e0\u7f8e\u7dda"}