{"Avg": [133.82515361233493, 34.680310154184994], "Std": [0.053647181283254096, 0.011659623135000362], "InvR": [[1.7009537161219541, 1.0919202481258103], [1.0919202481258103, 1.7009537161219541]], "name": "\u897f\u65e5\u672c\u65c5\u5ba2\u9244\u9053_\u5409\u5099\u7dda"}