{"Avg": [135.21604184290032, 34.99405953172212], "Std": [0.1185409342640798, 0.16607564791184043], "InvR": [[3.524008388820296, 2.9823860809183516], [2.9823860809183516, 3.524008388820296]], "name": "\u897f\u65e5\u672c\u65c5\u5ba2\u9244\u9053_\u798f\u77e5\u5c71\u7dda"}