{"Avg": [132.94614937559723, 34.78415388977381], "Std": [0.272846323913898, 0.19504588033327225], "InvR": [[12.073958911243146, -11.563153760075348], [-11.563153760075348, 12.07395891124315]], "name": "\u897f\u65e5\u672c\u65c5\u5ba2\u9244\u9053_\u82b8\u5099\u7dda"}