{"Avg": [133.2034249145261, 35.078040249119404], "Std": [1.5454935380598898, 0.4512319621050914], "InvR": [[2.4251431033550306, -1.8590793335399751], [-1.8590793335399751, 2.4251431033550306]], "name": "\u897f\u65e5\u672c\u65c5\u5ba2\u9244\u9053_\u5c71\u9670\u7dda"}