{"Avg": [133.14606339115824, 34.642325416899844], "Std": [0.13006542882834324, 0.08636152676566254], "InvR": [[11.685862113369664, 11.174681705503689], [11.174681705503689, 11.685862113369664]], "name": "\u897f\u65e5\u672c\u65c5\u5ba2\u9244\u9053_\u798f\u5869\u7dda"}