{"Avg": [135.74542831099205, 35.518473056300245], "Std": [0.20404281203877217, 0.05646406268531062], "InvR": [[2.3091581767705995, -1.7386929885911198], [-1.7386929885911198, 2.3091581767705995]], "name": "\u897f\u65e5\u672c\u65c5\u5ba2\u9244\u9053_\u5c0f\u6d5c\u7dda"}