{"Avg": [131.18783090000005, 33.97661139999997], "Std": [0.013828623004117215, 0.016376149548657647], "InvR": [[1.0041342937917888, 0.06443125155501274], [0.06443125155501274, 1.0041342937917888]], "name": "\u897f\u65e5\u672c\u65c5\u5ba2\u9244\u9053_\u5c0f\u91ce\u7530\u7dda"}