{"Avg": [135.28678289473683, 34.417405964912284], "Std": [0.028958897936396062, 0.019168005218826233], "InvR": [[17.78756387391196, 17.280331729876767], [17.28033172987677, 17.787563873911957]], "name": "\u897f\u65e5\u672c\u65c5\u5ba2\u9244\u9053_\u95a2\u897f\u7a7a\u6e2f\u7dda"}