{"Avg": [130.47519403256462, 33.330423839891424], "Std": [0.04919809164051185, 0.16553931363751093], "InvR": [[1.0797335937635948, -0.29341274637965636], [-0.29341274637965636, 1.0797335937635948]], "name": "\u897f\u65e5\u672c\u9244\u9053_\u5929\u795e\u5927\u725f\u7530\u7dda"}