{"Avg": [136.10322227703978, 34.9712943833017], "Std": [0.09186129303880863, 0.05860118135429306], "InvR": [[12.842105268651641, 12.331973177982452], [12.331973177982452, 12.842105268651641]], "name": "\u897f\u65e5\u672c\u65c5\u5ba2\u9244\u9053_\u8349\u6d25\u7dda"}