{"Avg": [133.94228258536577, 34.866719406504046], "Std": [0.024289410392562865, 0.1134647344277218], "InvR": [[1.1865865851220934, -0.470532824433766], [-0.470532824433766, 1.1865865851220934]], "name": "\u897f\u65e5\u672c\u65c5\u5ba2\u9244\u9053_\u6d25\u5c71\u7dda"}