{"Avg": [135.12117375, 34.668175000000005], "Std": [0.02004483470715902, 0.009107205938156983], "InvR": [[30.199167187512483, 29.694958017007167], [29.694958017007163, 30.19916718751248]], "name": "\u897f\u795e\u7dda"}