{"Avg": [135.05371066666666, 34.690009333333336], "Std": [0.024491667281390808, 0.01329006820482396], "InvR": [[3.2615227194323997, 2.7158806545835765], [2.7158806545835765, 3.2615227194323997]], "name": "\u897f\u795e\u5ef6\u4f38\u7dda"}