{"Avg": [130.544605, 31.558417500000004], "Std": [0.009232194349122872, 0.015363140751487137], "InvR": [[22.53618249969169, -22.030509280534535], [-22.030509280534535, 22.536182499691687]], "name": "\u8c37\u5c71\u7dda"}