{"Avg": [137.36806249999998, 34.825163125], "Std": [0.021428566651785722, 0.006019964408896027], "InvR": [[11.147740334846299, 10.63599427596277], [10.63599427596277, 11.1477403348463]], "name": "\u8c4a\u5ddd\u7dda"}