{"Avg": [139.65123000000003, 35.739985], "Std": [0.003307982769003202, 0.0020742769824675144], "InvR": [[10.205294199482958, 9.692406073752666], [9.692406073752666, 10.20529419948296]], "name": "\u8c4a\u5cf6\u7dda"}