{"Avg": [137.34413669250642, 34.70254472868214], "Std": [0.03870571096636684, 0.029636286066236226], "InvR": [[6.787333717731423, -6.267420943109091], [-6.26742094310909, 6.787333717731423]], "name": "\u8c4a\u6a4b\u9244\u9053_\u6e25\u7f8e\u7dda"}