{"Avg": [137.40391939655177, 34.76479620689658], "Std": [0.014212806044914705, 0.001863094226045637], "InvR": [[1.092567253397044, 0.318018788436338], [0.318018788436338, 1.0925672533970439]], "name": "\u8c4a\u6a4b\u9244\u9053_\u6771\u7530\u672c\u7dda"}