{"Avg": [137.09896, 35.119365], "Std": [0.0486123316402347, 0.008305699097607193], "InvR": [[1.2957322284519548, 0.6190232462493747], [0.6190232462493747, 1.2957322284519548]], "name": "\u8c4a\u7530\u7dda"}