{"Avg": [131.14566036144575, 32.9470634939759], "Std": [0.3585708111594319, 0.12888120033051978], "InvR": [[6.122896684515781, -5.600622030162236], [-5.600622030162235, 6.122896684515781]], "name": "\u8c4a\u80a5\u7dda"}