{"Avg": [130.43295583333332, 33.66483916666667], "Std": [0.006437421142991532, 0.026163498892647512], "InvR": [[1.0043030985020405, -0.0657389926813513], [-0.0657389926813513, 1.0043030985020407]], "name": "\u8c9d\u585a\u7dda"}