{"Avg": [135.24155749999997, 34.21168607142858], "Std": [0.040671389085923056, 0.009481439515211115], "InvR": [[1.294012382956008, 0.61681088210851], [0.61681088210851, 1.294012382956008]], "name": "\u8cb4\u5fd7\u5ddd\u7dda"}