{"Avg": [134.23481490196085, 34.73441352941177], "Std": [0.1697043448017696, 0.0545009278144991], "InvR": [[9.142802085936923, -8.628327062453975], [-8.628327062453975, 9.142802085936923]], "name": "\u8d64\u7a42\u7dda"}