{"Avg": [139.71896090909092, 35.75695090909091], "Std": [0.0037646428166781807, 0.01805523568212851], "InvR": [[2.6086409701755873, -2.0485035370003737], [-2.048503537000374, 2.6086409701755873]], "name": "\u8d64\u7fbd\u7dda\uff08\u57fc\u4eac\u7dda\uff09"}