{"Avg": [129.858635, 32.7929875], "Std": [0.0012594740965950508, 0.0010107268424244496], "InvR": [[116.57329156393389, 116.07221465314603], [116.07221465314603, 116.57329156393392]], "name": "\u8d64\u8feb\u652f\u7dda"}