{"Avg": [138.8380122891566, 37.68146036144578], "Std": [0.156717904047292, 0.19122290167857842], "InvR": [[36.05376272477198, -35.55024674864276], [-35.55024674864276, 36.05376272477198]], "name": "\u8d8a\u5f8c\u7dda"}