{"Avg": [139.33437526315788, 35.94782894736842], "Std": [0.030732637095205597, 0.009815985831251125], "InvR": [[1.1879152552627823, 0.47246946824451946], [0.47246946824451946, 1.1879152552627823]], "name": "\u8d8a\u751f\u7dda"}