{"Avg": [136.92850870588234, 35.644695058823515], "Std": [0.04786303593498393, 0.1570452042500428], "InvR": [[2.5944488032468302, 2.0338917840981803], [2.0338917840981803, 2.59444880324683]], "name": "\u8d8a\u7f8e\u5357\u7dda"}