{"Avg": [136.42507468085103, 35.995121914893616], "Std": [0.13031563621423065, 0.031212775728435553], "InvR": [[5.2103914045090045, 4.683779156159298], [4.683779156159298, 5.210391404509004]], "name": "\u8d8a\u7f8e\u5317\u7dda"}