{"Avg": [138.54496455555554, 35.391353444444455], "Std": [0.06584445718950174, 0.18010656038493272], "InvR": [[1.2180092853253308, 0.5153031474902828], [0.5153031474902828, 1.218009285325331]], "name": "\u8eab\u5ef6\u7dda"}