{"Avg": [136.271684, 35.23202887499998], "Std": [0.0073930006763155654, 0.0030018452632299057], "InvR": [[38.43765678789835, 37.934361765507134], [37.934361765507134, 38.43765678789835]], "name": "\u8fd1\u6c5f\u9244\u9053_\u591a\u8cc0\u7dda"}