{"Avg": [136.21182996949142, 35.11666302598868], "Std": [0.03173258694225274, 0.09661469597278956], "InvR": [[2.9724804706061736, -2.421396224810992], [-2.4213962248109926, 2.9724804706061736]], "name": "\u8fd1\u6c5f\u9244\u9053_\u672c\u7dda"}