{"Avg": [136.15587767123293, 35.11066388127852], "Std": [0.025121991122437747, 0.0050992998896808375], "InvR": [[1.906192852739892, 1.314297660005813], [1.314297660005813, 1.906192852739892]], "name": "\u8fd1\u6c5f\u9244\u9053_\u516b\u65e5\u5e02\u7dda"}