{"Avg": [135.67431411504427, 34.69155699115043], "Std": [0.036366429907498304, 0.012553617282521894], "InvR": [[2.987679760326923, -2.4369141531740954], [-2.4369141531740954, 2.987679760326923]], "name": "\u8fd1\u757f\u65e5\u672c\u9244\u9053_\u3051\u3044\u306f\u3093\u306a\u7dda"}