{"Avg": [135.5906097391303, 34.49279591304351], "Std": [0.012263090358851456, 0.030125526829833726], "InvR": [[15.271445327339029, -14.762980629214617], [-14.762980629214617, 15.271445327339029]], "name": "\u8fd1\u757f\u65e5\u672c\u9244\u9053_\u9577\u91ce\u7dda"}