{"Avg": [135.78782399082576, 34.57453236238532], "Std": [0.004550236926980217, 0.05925315468833755], "InvR": [[2.9486809556436917, 2.3970895733226367], [2.397089573322637, 2.9486809556436913]], "name": "\u8fd1\u757f\u65e5\u672c\u9244\u9053_\u6a7f\u539f\u7dda"}