{"Avg": [135.79018224528298, 34.4091853962264], "Std": [0.03232268201871931, 0.02924736550518591], "InvR": [[1.047410633190843, 0.2228416507980491], [0.2228416507980491, 1.047410633190843]], "name": "\u8fd1\u757f\u65e5\u672c\u9244\u9053_\u5409\u91ce\u7dda"}