{"Avg": [135.508355854, 34.666680102], "Std": [0.007884175474778167, 0.0003639706201363436], "InvR": [[20.943165199185216, 20.437049771461083], [20.437049771461083, 20.943165199185216]], "name": "\u8fd1\u757f\u65e5\u672c\u9244\u9053_\u96e3\u6ce2\u7dda"}