{"Avg": [135.80447558823533, 34.60237676470588], "Std": [0.014006506091431597, 0.0016746961455533147], "InvR": [[2.720866187665423, 2.1638499540207383], [2.1638499540207383, 2.720866187665423]], "name": "\u8fd1\u757f\u65e5\u672c\u9244\u9053_\u5929\u7406\u7dda"}