{"Avg": [135.7283503529412, 34.487958352941185], "Std": [0.002821025865577637, 0.012444090007338125], "InvR": [[7.039659215296754, 6.520517054054514], [6.520517054054513, 7.039659215296752]], "name": "\u8fd1\u757f\u65e5\u672c\u9244\u9053_\u5fa1\u6240\u7dda"}