{"Avg": [135.63564907964613, 34.553187451327496], "Std": [0.08259525204294693, 0.043525490225211266], "InvR": [[9.547842766764163, 9.034016755136475], [9.034016755136475, 9.547842766764163]], "name": "\u8fd1\u757f\u65e5\u672c\u9244\u9053_\u5357\u5927\u962a\u7dda"}