{"Avg": [136.60619971698114, 34.54725534591195], "Std": [0.0773214510554229, 0.04133824732830297], "InvR": [[28.277875732005256, 27.77337538331858], [27.773375383318584, 28.277875732005256]], "name": "\u8fd1\u757f\u65e5\u672c\u9244\u9053_\u5c71\u7530\u7dda"}