{"Avg": [135.92206589360265, 34.59045411319512], "Std": [0.27449861954150323, 0.062254730496311056], "InvR": [[1.2066850185432936, -0.4994033594535935], [-0.4994033594535935, 1.2066850185432936]], "name": "\u8fd1\u757f\u65e5\u672c\u9244\u9053_\u5927\u962a\u7dda"}