{"Avg": [135.7773773307544, 34.83058160541583], "Std": [0.012743589545330985, 0.09004070154198655], "InvR": [[4.335943925414172, 3.8032178216507515], [3.8032178216507515, 4.335943925414172]], "name": "\u8fd1\u757f\u65e5\u672c\u9244\u9053_\u4eac\u90fd\u7dda"}