{"Avg": [135.62365644444446, 34.57858600000001], "Std": [0.0015530831780769475, 0.005966513368608074], "InvR": [[2.0915279981973, -1.510947176126917], [-1.5109471761269166, 2.0915279981972996]], "name": "\u8fd1\u757f\u65e5\u672c\u9244\u9053_\u9053\u660e\u5bfa\u7dda"}