{"Avg": [136.7794547247706, 34.478917568807326], "Std": [0.038358918955783056, 0.004569152758809581], "InvR": [[1.1298284689127431, -0.3829933423089367], [-0.3829933423089368, 1.1298284689127436]], "name": "\u8fd1\u757f\u65e5\u672c\u9244\u9053_\u9ce5\u7fbd\u7dda"}