{"Avg": [136.58260020618565, 34.876919484536074], "Std": [0.021422349009173506, 0.00695731808903642], "InvR": [[1.5807081736617992, 0.9580867166490837], [0.9580867166490837, 1.5807081736617992]], "name": "\u8fd1\u757f\u65e5\u672c\u9244\u9053_\u9234\u9e7f\u7dda"}