{"Avg": [135.6883327419355, 34.685310322580634], "Std": [0.004593128868688833, 0.00390856956250894], "InvR": [[77.41150110543084, -76.90987584368271], [-76.90987584368271, 77.41150110543084]], "name": "\u8fd1\u757f\u65e5\u672c\u9244\u9053_\u751f\u99d2\u92fc\u7d22\u7dda"}