{"Avg": [135.63336877551018, 34.62628040816327], "Std": [0.00884202710912909, 0.0020952755010351467], "InvR": [[1.378221267376375, 0.7219921013918131], [0.7219921013918131, 1.378221267376375]], "name": "\u8fd1\u757f\u65e5\u672c\u9244\u9053_\u4fe1\u8cb4\u7dda"}