{"Avg": [135.6940482700422, 34.68424573839661], "Std": [0.0619530194498079, 0.011678342752020562], "InvR": [[2.0621193294972846, -1.4799381066750885], [-1.4799381066750887, 2.0621193294972846]], "name": "\u8fd1\u757f\u65e5\u672c\u9244\u9053_\u5948\u826f\u7dda"}