{"Avg": [136.54397514195588, 34.99334946372241], "Std": [0.03997752003639842, 0.017270760945137374], "InvR": [[14.823043861448383, 14.314314005811603], [14.314314005811603, 14.823043861448385]], "name": "\u8fd1\u757f\u65e5\u672c\u9244\u9053_\u6e6f\u306e\u5c71\u7dda"}