{"Avg": [135.75015379146924, 34.5754204265403], "Std": [0.027322177489744956, 0.011985178101757954], "InvR": [[16.560917725859948, 16.05313297138108], [16.05313297138108, 16.560917725859944]], "name": "\u8fd1\u757f\u65e5\u672c\u9244\u9053_\u7530\u539f\u672c\u7dda"}