{"Avg": [135.70413784000002, 34.648500279999986], "Std": [0.004171787738415861, 0.031715487742136395], "InvR": [[1.2727287842602275, -0.5891602278024962], [-0.5891602278024962, 1.2727287842602275]], "name": "\u8fd1\u757f\u65e5\u672c\u9244\u9053_\u751f\u99d2\u7dda"}