{"Avg": [136.8255762935778, 34.39590513761473], "Std": [0.013979806964912392, 0.05402205378089421], "InvR": [[1.65428288275074, -1.0403696330686314], [-1.0403696330686314, 1.65428288275074]], "name": "\u8fd1\u757f\u65e5\u672c\u9244\u9053_\u5fd7\u6469\u7dda"}