{"Avg": [136.63543196166134, 34.93775376038338], "Std": [0.10469848191417432, 0.15531808165854205], "InvR": [[8.531014892811028, -8.015435122845956], [-8.015435122845954, 8.53101489281103]], "name": "\u8fd1\u757f\u65e5\u672c\u9244\u9053_\u540d\u53e4\u5c4b\u7dda"}