{"Avg": [135.64811823529413, 34.61739176470588], "Std": [0.003864957552914419, 0.002130231236534681], "InvR": [[19.7640899162735, 19.257600066006937], [19.257600066006937, 19.7640899162735]], "name": "\u8fd1\u757f\u65e5\u672c\u9244\u9053_\u897f\u4fe1\u8cb4\u92fc\u7d22\u7dda"}