{"Avg": [136.64938, 35.0064725], "Std": [0.00023270152556528707, 0.00041372545244472094], "InvR": [[128.77284654776238, -128.2718720587869], [-128.2718720587869, 128.77284654776238]], "name": "\u8fd1\u9244\u9023\u7d61\u7dda"}