{"Avg": [139.590889375, 35.3039075], "Std": [0.015086492911189681, 0.01401326001507097], "InvR": [[1202.2245414159543, -1201.724437398768], [-1201.724437398768, 1202.2245414159543]], "name": "\u9017\u5b50\u7dda"}