{"Avg": [140.60059666666666, 41.76764999999999], "Std": [0.09256923380487748, 0.056184130840774955], "InvR": [[7.72963184052242, -7.212321162392561], [-7.212321162392561, 7.729631840522418]], "name": "\u9053\u5357\u3044\u3055\u308a\u3073\u9244\u9053\u7dda"}