{"Avg": [140.57578530104715, 41.74854010471208], "Std": [0.06872166081727991, 0.045473287771771786], "InvR": [[5.500352694254589, -4.9752916564699134], [-4.9752916564699134, 5.50035269425459]], "name": "\u9053\u5357\u3044\u3055\u308a\u3073\u9244\u9053_\u9053\u5357\u3044\u3055\u308a\u3073\u9244\u9053\u7dda"}