{"Avg": [135.62291875, 34.58080375], "Std": [0.0017269513419609476, 0.007475297548425726], "InvR": [[2.2571665924640976, -1.6845279557406838], [-1.6845279557406838, 2.2571665924640976]], "name": "\u9053\u660e\u5bfa\u7dda"}