{"Avg": [137.7700680246915, 34.774949999999976], "Std": [0.026001280781357973, 0.0437185505376276], "InvR": [[54.43720333302272, -53.93488577338268], [-53.93488577338268, 54.43720333302272]], "name": "\u9060\u5dde\u9244\u9053_\u9244\u9053\u7dda"}