{"Avg": [132.7239354166667, 33.79709874999999], "Std": [0.020501107486175927, 0.025891840141973287], "InvR": [[11.186188861844037, -10.674485111282864], [-10.674485111282864, 11.186188861844036]], "name": "\u90e1\u4e2d\u7dda"}