{"Avg": [141.35260455, 43.05724823375], "Std": [0.0004980006348622573, 0.0011981771726974906], "InvR": [[1.5403952685854394, 0.9123718073762298], [0.9123718073762298, 1.5403952685854392]], "name": "\u90fd\u5fc3\u7dda"}