{"Avg": [139.70768596747962, 36.978013495935], "Std": [0.013869037973409657, 0.07015468373105568], "InvR": [[1.0240326360867085, -0.15687639619772195], [-0.15687639619772195, 1.0240326360867085]], "name": "\u91ce\u5ca9\u9244\u9053_\u4f1a\u6d25\u9b3c\u6012\u5ddd\u7dda"}