{"Avg": [139.86324786666668, 35.88319813333333], "Std": [0.12470680058754596, 0.0843323324266296], "InvR": [[2.053191931054013, 1.4705118750595974], [1.4705118750595971, 2.0531919310540125]], "name": "\u91ce\u7530\u7dda"}