{"Avg": [139.63807464285713, 35.35485285714286], "Std": [0.008752771594569227, 0.017880831687501424], "InvR": [[1.000000492699503, 0.0007019257408195703], [0.0007019257408195703, 1.0000004926995032]], "name": "\u91d1\u6ca2\u30b7\u30fc\u30b5\u30a4\u30c9\u30e9\u30a4\u30f3"}