{"Avg": [139.87139000000002, 35.75827571428571], "Std": [0.003691511498406732, 0.006839026365839362], "InvR": [[1.0267855843905094, -0.1658404411524836], [-0.1658404411524836, 1.0267855843905094]], "name": "\u91d1\u753a\u7dda"}