{"Avg": [141.4733922, 39.3203882], "Std": [0.2235213592593784, 0.05260142707912009], "InvR": [[6.556193807548327, 6.035518489292094], [6.035518489292094, 6.556193807548329]], "name": "\u91dc\u77f3\u7dda"}