{"Avg": [144.4755624074074, 43.605394629629636], "Std": [0.10849138642947467, 0.3485285085991449], "InvR": [[1.0444223303149218, 0.2153965499852066], [0.21539654998520663, 1.0444223303149216]], "name": "\u91e7\u7db2\u7dda"}