{"Avg": [136.580031, 34.876029], "Std": [0.02587613821650657, 0.005395938194605782], "InvR": [[1.2973323812602864, 0.6210788405719508], [0.6210788405719508, 1.2973323812602864]], "name": "\u9234\u9e7f\u7dda"}