{"Avg": [138.273759, 34.94889933333334], "Std": [0.6461452271811645, 0.2348738698100655], "InvR": [[67.96697451704435, -67.46512173325941], [-67.46512173325941, 67.96697451704433]], "name": "\u9244\u9053\u7dda"}