{"Avg": [140.85136727611936, 35.72276679104478], "Std": [0.01102297937478297, 0.009733233467479147], "InvR": [[1.4488993198029985, 0.806479955809562], [0.806479955809562, 1.4488993198029985]], "name": "\u929a\u5b50\u96fb\u6c17\u9244\u9053_\u929a\u5b50\u96fb\u6c17\u9244\u9053\u7dda"}