{"Avg": [140.85074749999998, 35.7213135], "Std": [0.012199629861186993, 0.010483244380915838], "InvR": [[1.4464010557068239, 0.8035390209834187], [0.8035390209834187, 1.446401055706824]], "name": "\u929a\u5b50\u96fb\u6c17\u9244\u9053\u7dda"}