{"Avg": [137.1921146341463, 35.36930146341464], "Std": [1.4772159349907927, 0.7401231685155301], "InvR": [[1.1963126787174583, -0.4846146371527405], [-0.48461463715274045, 1.1963126787174583]], "name": "\u92fc\u7d22\u7dda"}