{"Avg": [132.04804557759624, 34.19713613768966], "Std": [0.060473490363975, 0.031681602760287], "InvR": [[5.93688045930097, 5.413840515634786], [5.413840515634786, 5.93688045930097]], "name": "\u9326\u5ddd\u9244\u9053_\u9326\u5ddd\u6e05\u6d41\u7dda"}