{"Avg": [132.05767791666665, 34.197232500000005], "Std": [0.06940910332821323, 0.03675428707987641], "InvR": [[5.991439120134189, 5.468629043018016], [5.468629043018017, 5.991439120134188]], "name": "\u9326\u5ddd\u6e05\u6d41\u7dda"}