{"Avg": [130.16053024242427, 33.05946348484851], "Std": [0.2133599282317375, 0.22692279487207265], "InvR": [[7.790156017180336, -7.272989396034526], [-7.272989396034526, 7.790156017180336]], "name": "\u9577\u5d0e\u7dda"}