{"Avg": [129.858706875, 32.79308875], "Std": [0.000875983153018537, 0.0006956191037477109], "InvR": [[33.69883615369204, 33.195070747924156], [33.195070747924156, 33.69883615369205]], "name": "\u9577\u5d0e\u96fb\u6c17\u8ecc\u9053_\u8d64\u8feb\u652f\u7dda"}