{"Avg": [129.87609357142856, 32.75086535714286], "Std": [0.0031112058001053116, 0.0009299596079665154], "InvR": [[12.970622902990783, 12.460595314373958], [12.460595314373958, 12.97062290299078]], "name": "\u9577\u5d0e\u96fb\u6c17\u8ecc\u9053_\u685c\u753a\u652f\u7dda"}