{"Avg": [129.8685118447489, 32.76132965296803], "Std": [0.006180294644570184, 0.016340694891360683], "InvR": [[6.829151795008606, 6.309371002268028], [6.309371002268028, 6.829151795008606]], "name": "\u9577\u5d0e\u96fb\u6c17\u8ecc\u9053_\u672c\u7dda"}