{"Avg": [129.88246984374996, 32.74912781249999], "Std": [0.005262064261112888, 0.0030018335379975248], "InvR": [[3.4055780784239884, -2.8622340871805085], [-2.8622340871805085, 3.4055780784239893]], "name": "\u9577\u5d0e\u96fb\u6c17\u8ecc\u9053_\u86cd\u8336\u5c4b\u652f\u7dda"}