{"Avg": [134.11304812499998, 34.2922996875], "Std": [0.03582511047065268, 0.025202813767064392], "InvR": [[16.07910149417433, 15.571075857685136], [15.571075857685136, 16.07910149417433]], "name": "\u9577\u5c3e\u7dda"}