{"Avg": [129.87215848888883, 32.73904848888888], "Std": [0.0014096854120616573, 0.002406858613049154], "InvR": [[2.545268963849237, -1.983210814433234], [-1.983210814433234, 2.545268963849237]], "name": "\u9577\u5d0e\u96fb\u6c17\u8ecc\u9053_\u5927\u6d66\u652f\u7dda"}