{"Avg": [136.92166018797, 35.69628734586471], "Std": [0.04149399240195398, 0.13610348011806597], "InvR": [[2.274804787863178, 1.7029186812710875], [1.7029186812710875, 2.274804787863178]], "name": "\u9577\u826f\u5ddd\u9244\u9053_\u8d8a\u7f8e\u5357\u7dda"}