{"Avg": [137.56934895522392, 36.10424104477613], "Std": [1.1986063614721865, 0.9712776811770361], "InvR": [[1178.7963610593183, -1178.2962549739477], [-1178.296254973948, 1178.7963610593179]], "name": "\u9577\u91ce\u7dda"}