{"Avg": [138.3252324108418, 36.708219457917195], "Std": [0.06944626466710448, 0.04148201799019964], "InvR": [[5.907482645681473, -5.384316907774495], [-5.384316907774495, 5.907482645681473]], "name": "\u9577\u91ce\u96fb\u9244_\u9577\u91ce\u7dda"}