{"Avg": [130.96510533333333, 33.951669666666675], "Std": [0.0018948546118361062, 0.006203048909833343], "InvR": [[2.378623600589145, -1.8108635047099828], [-1.8108635047099828, 2.378623600589145]], "name": "\u9580\u53f8\u6e2f\u30ec\u30c8\u30ed\u89b3\u5149\u7dda"}