{"Avg": [139.98284139965693, 36.10794155060032], "Std": [0.023187690528994574, 0.1177832603630207], "InvR": [[2.478156345646884, 1.913923333841519], [1.913923333841519, 2.478156345646884]], "name": "\u95a2\u6771\u9244\u9053_\u5e38\u7dcf\u7dda"}