{"Avg": [140.15054014084507, 35.92214549295774], "Std": [0.012336839540145899, 0.005803219550504476], "InvR": [[165.06210558909234, 164.56134599569722], [164.56134599569722, 165.06210558909234]], "name": "\u95a2\u6771\u9244\u9053_\u7adc\u30f6\u5d0e\u7dda"}