{"Avg": [135.262444, 34.42655066666667], "Std": [0.03298391098702589, 0.016383500833325227], "InvR": [[68.31486564619327, 67.8130223674719], [67.8130223674719, 68.31486564619327]], "name": "\u95a2\u897f\u7a7a\u6e2f\u7dda"}