{"Avg": [136.13749622131152, 34.81499159016391], "Std": [0.4732214740890445, 0.18573351023529336], "InvR": [[11.436813082201237, -10.925377814748929], [-10.92537781474893, 11.436813082201235]], "name": "\u95a2\u897f\u7dda"}