{"Avg": [135.50185053603596, 34.62474441981981], "Std": [0.007022258656527868, 0.010284465663988693], "InvR": [[13.952455541919685, -13.443160346708867], [-13.443160346708867, 13.952455541919685]], "name": "\u962a\u583a\u96fb\u6c17\u8ecc\u9053_\u4e0a\u753a\u7dda"}