{"Avg": [135.48397426430776, 34.60175797046154], "Std": [0.016255219679172338, 0.030731004004782955], "InvR": [[16.073445234543968, -15.565416681648465], [-15.565416681648465, 16.07344523454397]], "name": "\u962a\u583a\u7dda"}