{"Avg": [135.402093375, 34.47616662499998], "Std": [0.10194143102713184, 0.11584415854871344], "InvR": [[68.32951148757853, -67.82766860687126], [-67.82766860687126, 68.32951148757854]], "name": "\u962a\u548c\u7dda"}