{"Avg": [135.47904445778144, 34.59299290450332], "Std": [0.018451642052483445, 0.031911182663950044], "InvR": [[17.68210707681252, -17.174830526064905], [-17.174830526064905, 17.68210707681252]], "name": "\u962a\u583a\u96fb\u6c17\u8ecc\u9053_\u962a\u583a\u7dda"}