{"Avg": [135.42549744111787, 34.79498732534933], "Std": [0.045172301227043084, 0.035276024901033196], "InvR": [[2.5912209297938595, 2.0305676490104667], [2.0305676490104667, 2.5912209297938595]], "name": "\u962a\u6025\u96fb\u9244_\u5b9d\u585a\u7dda"}