{"Avg": [135.4155005660377, 34.766846415094335], "Std": [0.0005449231037805198, 0.00970744007495453], "InvR": [[1.8784699892982504, 1.284593130682209], [1.284593130682209, 1.8784699892982506]], "name": "\u962a\u6025\u96fb\u9244_\u4f0a\u4e39\u7dda"}