{"Avg": [135.51267161971836, 34.76805265258212], "Std": [0.0043445699696957225, 0.031167862462407415], "InvR": [[1.015448406169422, 0.12524799169087433], [0.12524799169087433, 1.015448406169422]], "name": "\u962a\u6025\u96fb\u9244_\u5343\u91cc\u7dda"}