{"Avg": [135.33000800000005, 34.75303933333332], "Std": [0.00151917316692616, 0.0060014536757536], "InvR": [[3.5634286482352753, -3.0223492655265054], [-3.0223492655265054, 3.5634286482352753]], "name": "\u962a\u6025\u96fb\u9244_\u7532\u967d\u7dda"}