{"Avg": [135.45998133802814, 34.819577887323945], "Std": [0.007517496514363598, 0.007870559050153436], "InvR": [[5.092992770001001, -4.565696287017072], [-4.565696287017071, 5.092992770001002]], "name": "\u962a\u6025\u96fb\u9244_\u7b95\u9762\u7dda"}