{"Avg": [135.3464511876485, 34.731109073634165], "Std": [0.09718212862213957, 0.015672813893534577], "InvR": [[1.1537020583622801, -0.421101390530929], [-0.42110139053092893, 1.1537020583622801]], "name": "\u962a\u6025\u96fb\u9244_\u795e\u6238\u7dda"}