{"Avg": [135.61294774550475, 34.84769992531122], "Std": [0.0826986324976301, 0.09299728331939784], "InvR": [[35.45186603546943, -34.94828950551659], [-34.94828950551659, 35.45186603546942]], "name": "\u962a\u6025\u96fb\u9244_\u4eac\u90fd\u7dda"}