{"Avg": [135.18029136363637, 34.684525909090894], "Std": [0.006678374390832572, 0.005189071259598491], "InvR": [[34.87738538064751, -34.37374907701453], [-34.37374907701453, 34.87738538064751]], "name": "\u962a\u6025\u96fb\u9244_\u795e\u6238\u9ad8\u901f\u7dda"}