{"Avg": [135.35294084337346, 34.778181445783154], "Std": [0.005192444396120162, 0.024086390154624496], "InvR": [[2.889347345099119, 2.3364461764680584], [2.3364461764680584, 2.8893473450991194]], "name": "\u962a\u6025\u96fb\u9244_\u4eca\u6d25\u7dda"}