{"Avg": [135.69394689189187, 34.993592432432436], "Std": [0.006958500134616916, 0.009104155096944806], "InvR": [[22.3862184660344, 21.880506363952943], [21.880506363952943, 22.386218466034403]], "name": "\u962a\u6025\u96fb\u9244_\u5d50\u5c71\u7dda"}