{"Avg": [135.3452184821429, 34.7144997767857], "Std": [0.0892059868512588, 0.012057940401905021], "InvR": [[1.0008115395368402, 0.028499090042662073], [0.028499090042662073, 1.0008115395368402]], "name": "\u962a\u795e\u96fb\u6c17\u9244\u9053_\u672c\u7dda"}