{"Avg": [135.4566980597015, 34.68919582089554], "Std": [0.020280552241502665, 0.016032212363905226], "InvR": [[19.458203902380696, 18.9516093038096], [18.9516093038096, 19.458203902380696]], "name": "\u962a\u795e\u96fb\u6c17\u9244\u9053_\u962a\u795e\u306a\u3093\u3070\u7dda"}