{"Avg": [135.16689159420284, 34.6754631884058], "Std": [0.012776661765277777, 0.007864995368905702], "InvR": [[57.180583795529685, -56.67837841189585], [-56.67837841189585, 57.18058379552967]], "name": "\u962a\u795e\u96fb\u6c17\u9244\u9053_\u795e\u6238\u9ad8\u901f\u7dda"}