{"Avg": [135.378183125, 34.71085468749999], "Std": [0.0018406884539136433, 0.004139638408404766], "InvR": [[14.428233732139319, -13.919256262354809], [-13.919256262354809, 14.428233732139319]], "name": "\u962a\u795e\u96fb\u6c17\u9244\u9053_\u6b66\u5eab\u5ddd\u7dda"}