{"Avg": [135.46310206896553, 34.68516034482758], "Std": [0.02399542835471488, 0.017439195545105063], "InvR": [[23.13818488732665, 22.63266256967537], [22.63266256967537, 23.138184887326645]], "name": "\u962a\u795e\u306a\u3093\u3070\u7dda"}