{"Avg": [134.31364166666668, 33.56919166666667], "Std": [0.027589378038578954, 0.018929478260698004], "InvR": [[15.935095070497498, -15.42699451725112], [-15.42699451725112, 15.935095070497496]], "name": "\u963f\u4f50\u6771\u7dda"}