{"Avg": [134.3230527083333, 33.57837895833332], "Std": [0.019773895538013633, 0.011705432542126023], "InvR": [[6.170381872012001, -5.64829448368641], [-5.64829448368641, 6.170381872012001]], "name": "\u963f\u4f50\u6d77\u5cb8\u9244\u9053_\u963f\u4f50\u6771\u7dda"}