{"Avg": [133.80890813559319, 33.51534881355933], "Std": [0.12170432791038073, 0.0473809569157631], "InvR": [[25.225109454049548, 24.72005334773229], [24.72005334773229, 25.225109454049548]], "name": "\u963f\u4f50\u7dda"}