{"Avg": [140.6473069477055, 37.89644315901819], "Std": [0.11836561870144885, 0.0874612421546911], "InvR": [[11.255582593224783, -10.743954435852748], [-10.74395443585275, 11.255582593224783]], "name": "\u963f\u6b66\u9688\u6025\u884c_\u963f\u6b66\u9688\u6025\u884c\u7dda"}