{"Avg": [140.62650051724134, 37.881971724137934], "Std": [0.11664316066123667, 0.09089050489344848], "InvR": [[13.050401142562366, -12.540437346409842], [-12.540437346409842, 13.050401142562364]], "name": "\u963f\u6b66\u9688\u6025\u884c\u7dda"}