{"Avg": [140.6973632258065, 38.6823264516129], "Std": [0.23465039354238135, 0.07387458315141966], "InvR": [[3.0114582001328185, 2.461183107981683], [2.461183107981683, 3.0114582001328185]], "name": "\u9678\u7fbd\u6771\u7dda"}