{"Avg": [140.09781285714286, 38.77434000000001], "Std": [0.1272357287775393, 0.03402549226403], "InvR": [[3.020188774933075, 2.4700913872362436], [2.470091387236244, 3.0201887749330747]], "name": "\u9678\u7fbd\u897f\u7dda"}