{"Avg": [135.50844222625, 34.66664144125001], "Std": [0.008918328825701014, 0.00043115036867751407], "InvR": [[60.291318594909725, 59.78922795385468], [59.78922795385468, 60.291318594909725]], "name": "\u96e3\u6ce2\u7dda"}