{"Avg": [141.17617861597282, 40.69351504091257], "Std": [0.22100497625020313, 0.1783586905749571], "InvR": [[2.417785429100957, 1.851459141345534], [1.851459141345534, 2.417785429100957]], "name": "\u9752\u3044\u68ee\u9244\u9053_\u9752\u3044\u68ee\u9244\u9053\u7dda"}