{"Avg": [141.1394594289552, 40.70233197432837], "Std": [0.2285749879991998, 0.18128325819111774], "InvR": [[2.1803267136768443, 1.604212537258085], [1.6042125372580849, 2.180326713676844]], "name": "\u9752\u3044\u68ee\u9244\u9053\u7dda"}