{"Avg": [140.3473595, 41.255407500000004], "Std": [0.00028368864975537525, 0.0011138430095828738], "InvR": [[36158.82601370337, -36158.326010246354], [-36158.326010246354, 36158.82601370337]], "name": "\u9752\u51fd\u30c8\u30f3\u30cd\u30eb\u7adc\u98db\u659c\u5751\u7dda"}