{"Avg": [139.26433060606058, 35.76757742424242], "Std": [0.10048330423476014, 0.04461120980577862], "InvR": [[10.03690289219512, 9.523786892573755], [9.523786892573755, 10.03690289219512]], "name": "\u9752\u6885\u7dda"}