{"Avg": [138.43199035714287, 34.99541845238096], "Std": [0.030266603489278097, 0.013497616058828401], "InvR": [[35.759649569430806, -35.256104262369405], [-35.256104262369405, 35.759649569430806]], "name": "\u9759\u5ca1\u9244\u9053_\u9759\u5ca1\u6e05\u6c34\u7dda"}