{"Avg": [138.43223099999994, 34.99537433333334], "Std": [0.032703292224688506, 0.014474967054270692], "InvR": [[41.3898011190257, -40.88674400772793], [-40.88674400772793, 41.389801119025705]], "name": "\u9759\u5ca1\u6e05\u6c34\u7dda"}