{"Avg": [135.77284166666666, 35.115495], "Std": [3.18416219619756e-05, 0.0009011242977505032], "InvR": [[53.73164459224804, 53.229296313171474], [53.22929631317147, 53.73164459224804]], "name": "\u978d\u99ac\u5bfa_\u978d\u99ac\u5c71\u92fc\u7d22\u9244\u9053"}