{"Avg": [135.7728425, 35.115495], "Std": [3.2691742078781375e-05, 0.0009619901246875033], "InvR": [[55.11071927958544, 54.60843030369656], [54.60843030369655, 55.110719279585425]], "name": "\u978d\u99ac\u5c71\u92fc\u7d22\u9244\u9053"}