{"Avg": [135.7735725, 35.084718333333335], "Std": [0.011246738879190088, 0.01775833176912282], "InvR": [[2.229174519471253, 1.6553079830619555], [1.6553079830619555, 2.229174519471253]], "name": "\u978d\u99ac\u7dda"}