{"Avg": [140.448114516129, 37.789795806451615], "Std": [0.0068488058006398985, 0.02276843043228126], "InvR": [[1.1429974335486122, 0.4042841816718804], [0.40428418167188046, 1.1429974335486122]], "name": "\u98ef\u5742\u7dda"}