{"Avg": [138.57104926231716, 37.00781191036586], "Std": [0.1934972824023779, 0.16753696465064435], "InvR": [[16.59248348932894, -16.084714012201914], [-16.084714012201914, 16.592483489328945]], "name": "\u98ef\u5c71\u7dda"}