{"Avg": [137.7514592608695, 35.29996447826087], "Std": [0.19404960371193364, 0.367125907990394], "InvR": [[5.464104139736656, -4.938859170916964], [-4.938859170916964, 5.464104139736656]], "name": "\u98ef\u7530\u7dda"}