{"Avg": [136.6065533623188, 35.29194955072465], "Std": [0.030818999433566308, 0.11808535812076061], "InvR": [[2.3718258125423377, 1.8038103759818505], [1.8038103759818505, 2.3718258125423386]], "name": "\u990a\u8001\u7dda"}