{"Avg": [136.6039376760564, 35.27553385211268], "Std": [0.03311757826664187, 0.11012149049992079], "InvR": [[1.8648595530564611, 1.2699770074963888], [1.269977007496389, 1.8648595530564611]], "name": "\u990a\u8001\u9244\u9053_\u990a\u8001\u7dda"}