{"Avg": [139.90138520000002, 35.852112625000004], "Std": [0.09968404761525253, 0.11444171942241797], "InvR": [[64.22819924531807, -63.726237760054204], [-63.726237760054204, 64.22819924531807]], "name": "\u9996\u90fd\u570f\u65b0\u90fd\u5e02\u9244\u9053_\u5e38\u78d0\u65b0\u7dda"}