{"Avg": [130.45594852941178, 33.63054411764706], "Std": [0.04764329285135264, 0.03815580251282802], "InvR": [[3.1848039592105115, 2.6378347748470596], [2.6378347748470596, 3.1848039592105115]], "name": "\u9999\u690e\u7dda"}