{"Avg": [133.54320111111113, 33.56248333333333], "Std": [0.0003444946200045876, 0.0028151613334478015], "InvR": [[10782.879616188206, -10782.379604595217], [-10782.379604595217, 10782.879616188206]], "name": "\u99c5\u524d\u7dda"}