{"Avg": [138.93508678571428, 35.063944642857145], "Std": [0.014499870455966275, 0.05098290157929288], "InvR": [[3.34445918674604, 2.800169292215015], [2.800169292215015, 3.344459186746039]], "name": "\u99ff\u8c46\u7dda"}