{"Avg": [139.26178800000002, 35.631060999999995], "Std": [0.004527486720025348, 1.8138357147803517e-05], "InvR": [[1.0011705554915118, 0.03423340023530492], [0.03423340023530492, 1.0011705554915118]], "name": "\u9ad8\u5c3e\u767b\u5c71\u96fb\u9244_\u9ad8\u5c3e\u92fc\u7d22\u7dda"}