{"Avg": [134.28844378787878, 34.24690772727273], "Std": [0.17754539680476258, 0.08888463458915077], "InvR": [[14.268120980287922, 13.75903904085763], [13.75903904085763, 14.268120980287922]], "name": "\u9ad8\u5fb3\u7dda"}