{"Avg": [137.13058769841265, 35.97941841269843], "Std": [0.13041045075199148, 0.45239851341175197], "InvR": [[1.5499653395582758, -0.9232698491089836], [-0.9232698491089836, 1.5499653395582758]], "name": "\u9ad8\u5c71\u7dda"}