{"Avg": [139.31585983050843, 36.15645457627118], "Std": [0.203018864319213, 0.12162137815705115], "InvR": [[30.596643833511926, 30.092490259884965], [30.092490259884965, 30.596643833511926]], "name": "\u9ad8\u5d0e\u7dda"}