{"Avg": [137.0318485, 36.76180749999999], "Std": [0.016814155576478102, 0.014334447451854856], "InvR": [[41.83950706795194, -41.33648321545083], [-41.33648321545083, 41.83950706795194]], "name": "\u9ad8\u5ca1\u8ecc\u9053\u7dda"}