{"Avg": [139.31595549999997, 35.642369], "Std": [0.028378596772042, 0.0035683243966880477], "InvR": [[2.25516365658705, -1.6824385461002802], [-1.6824385461002802, 2.25516365658705]], "name": "\u9ad8\u5c3e\u7dda"}