{"Avg": [139.2613875, 35.631077499999996], "Std": [0.005319235729879594, 8.291561975306804e-06], "InvR": [[1.110168288152064, -0.34972180353306537], [-0.34972180353306537, 1.110168288152064]], "name": "\u9ad8\u5c3e\u92fc\u7d22\u7dda"}