{"Avg": [135.43686833333336, 34.53012666666667], "Std": [0.003967448452373024, 0.00305241798506675], "InvR": [[8.484763377163125, -7.969093184879033], [-7.969093184879034, 8.484763377163123]], "name": "\u9ad8\u5e2b\u6d5c\u7dda"}