{"Avg": [134.11771331606212, 34.33788259067356], "Std": [0.03773529351374449, 0.00567205772927835], "InvR": [[1.8103091808305058, 1.2111606620794415], [1.2111606620794415, 1.8103091808305058]], "name": "\u9ad8\u677e\u7434\u5e73\u96fb\u6c17\u9244\u9053_\u5fd7\u5ea6\u7dda"}