{"Avg": [132.731742, 33.857222], "Std": [0.020353369892967002, 0.014612781596943979], "InvR": [[13.207088865621174, 12.697248026198181], [12.697248026198181, 13.207088865621174]], "name": "\u9ad8\u6d5c\u7dda"}