{"Avg": [131.04927842857137, 32.837063904761905], "Std": [0.047500494963411924, 0.017914748169899693], "InvR": [[10.836846499271418, 10.324746754739305], [10.324746754739305, 10.836846499271422]], "name": "\u9ad8\u68ee\u7dda"}