{"Avg": [133.94140104477617, 34.256846567164175], "Std": [0.08353336207918176, 0.04581984469438565], "InvR": [[11.078873886452575, -10.567051277696546], [-10.567051277696546, 11.078873886452575]], "name": "\u9ad8\u677e\u7434\u5e73\u96fb\u6c17\u9244\u9053_\u7434\u5e73\u7dda"}