{"Avg": [134.1064432432432, 34.295685405405415], "Std": [0.03280024000028012, 0.02409196797797661], "InvR": [[18.925779223598227, 18.41899400067181], [18.41899400067181, 18.925779223598227]], "name": "\u9ad8\u677e\u7434\u5e73\u96fb\u6c17\u9244\u9053_\u9577\u5c3e\u7dda"}