{"Avg": [135.54563020202016, 34.45287727272728], "Std": [0.04271619459604581, 0.14313058738822165], "InvR": [[3.0924310491227347, 2.5437568170828757], [2.5437568170828757, 3.0924310491227347]], "name": "\u9ad8\u91ce\u7dda"}