{"Avg": [139.71059097346156, 36.793196131153834], "Std": [0.010380614726571591, 0.03749258348698308], "InvR": [[2.947046659649483, -2.3954200789217936], [-2.395420078921794, 2.947046659649483]], "name": "\u9b3c\u6012\u5ddd\u7dda"}