{"Avg": [140.09758461538462, 39.30457769230769], "Std": [0.027673357394208082, 0.04625372611249753], "InvR": [[7.254182991497547, 6.735650516663907], [6.735650516663907, 7.254182991497547]], "name": "\u9ce5\u6d77\u5c71\u308d\u304f\u7dda"}