{"Avg": [136.77413, 34.481348888888895], "Std": [0.04764338638957628, 0.0047766967769324225], "InvR": [[1.032731824040182, 0.18385645581588764], [0.18385645581588764, 1.032731824040182]], "name": "\u9ce5\u7fbd\u7dda"}