{"Avg": [134.57126428571428, 34.16609357142857], "Std": [0.02783208316064756, 0.008379690249255492], "InvR": [[53.86995880293534, -53.367616609953785], [-53.367616609953785, 53.86995880293534]], "name": "\u9cf4\u9580\u7dda"}