{"Avg": [135.77244615384615, 35.02160076923077], "Std": [0.000212839356588839, 0.00857450107231175], "InvR": [[2.0312143901012316, -1.4472793470692125], [-1.4472793470692125, 2.0312143901012316]], "name": "\u9d28\u6771\u7dda"}