{"Avg": [139.70189806451614, 35.500017096774194], "Std": [0.015885794104115853, 0.006231060176737168], "InvR": [[1.0906476894683008, -0.31442756411332995], [-0.3144275641133299, 1.0906476894683006]], "name": "\u9db4\u898b\u7dda"}