{"Avg": [130.5439968181818, 31.570769204545456], "Std": [0.0028418398111789062, 0.006804049800334832], "InvR": [[1.702573512168771, 1.0937015370611551], [1.0937015370611551, 1.7025735121687713]], "name": "\u9e7f\u5150\u5cf6\u5e02_\u5510\u6e4a\u7dda"}