{"Avg": [130.54586062500002, 31.585876874999997], "Std": [0.001981101236526864, 0.0013484955448110174], "InvR": [[15.379311448089451, -14.870908148773086], [-14.870908148773086, 15.37931144808945]], "name": "\u9e7f\u5150\u5cf6\u5e02_\u7b2c\u4e8c\u671f\u7dda"}