{"Avg": [130.56791940698793, 33.13803343060243], "Std": [0.15440998703558823, 0.7403228442007875], "InvR": [[1.3060675500290442, -0.6322538218230285], [-0.6322538218230285, 1.3060675500290444]], "name": "\u9e7f\u5150\u5cf6\u7dda"}