{"Avg": [130.5559238260869, 31.59168965217391], "Std": [0.0033944016781128476, 0.005935053119491937], "InvR": [[3.2148404684480947, -2.668400039185179], [-2.6684000391851797, 3.214840468448094]], "name": "\u9e7f\u5150\u5cf6\u5e02_\u7b2c\u4e00\u671f\u7dda"}