{"Avg": [130.54523442028992, 31.55844608695653], "Std": [0.007903591828678773, 0.012923364384204885], "InvR": [[24.067525518050847, -23.562221012544164], [-23.562221012544164, 24.067525518050843]], "name": "\u9e7f\u5150\u5cf6\u5e02_\u8c37\u5c71\u7dda"}