{"Avg": [140.55658859470472, 36.17961979633401], "Std": [0.04260428024475705, 0.11743278733515067], "InvR": [[2.051374050570965, 1.468591653518759], [1.468591653518759, 2.0513740505709652]], "name": "\u9e7f\u5cf6\u81e8\u6d77\u9244\u9053_\u5927\u6d17\u9e7f\u5cf6\u7dda"}