{"Avg": [140.58327538461543, 35.947619230769234], "Std": [0.04043976520045179, 0.0315902254750123], "InvR": [[11.560507639176087, -11.049200388999765], [-11.049200388999767, 11.560507639176087]], "name": "\u9e7f\u5cf6\u7dda"}