{"Avg": [137.62953861471843, 36.75893464646464], "Std": [0.020919982275290145, 0.03458249212638587], "InvR": [[5.872819325887696, 5.349503482439497], [5.349503482439498, 5.872819325887694]], "name": "\u9ed2\u90e8\u5ce1\u8c37\u9244\u9053_\u672c\u7dda"}